,cluster.label1,cluster.label2,Node1/,edgeID,parent,node,branch.length,Order,cluster,collapse,edgeOrder,subfamily.name.final,Family,subfamily.final,Node,Count_with_consensus,Name_consensus,Count_consensus,circular.size.includeConsensus,circular.size,circular.size_with_identical_seq,Consensus.seq.majority,Length,Length.nonN,Ratio.nonN,GC.perc,Count.A,Count.C,Count.G,Count.T,Count.N,phyletic.group,cluster.label3,cluster.label.final,Order.rerooted.tree
9,h|11A|N17|28,11A|N17|28,"Node17/98:MER11A(28,1)",64 63,64,63,2.8076E-06,63,NA,NA,124,11A_i,11A,i,N17,28,-,0,0.112,0.112,-,TGTTACGGGAAGTCAGGGACCCCGAANGGAGGGACCGGCTGGAGCNGNGGCAGAGGAACATAAATTGTGAAGATTTCATCTTAATATGGACATTTATCAGTTCTCAAATAATACTTTTATAATTTCTTATGCCTGTCTTTAATCTCTTAATCCTGTTATCTTCNTAAGCTGAGGATGTACGTCACCTCAGGACCACTGTGATAATTGTGTTAACTGTACAAATTGATTGTAAAACATGTGTGTTTGAACAATATGAAATCAGTGCACCTTGAAAAAGAACAGAATAATAGCGATTTTTATGGAACAAGGGAAGACAACCATAAGGTCTGACTGCCTGCGGGGTCGGGCAAAAAGAGCCATATTTTTCTTCTTGCAGAGAGCCTATAAANGGACGTGCAAGTAGGAAACATATCGCTAAATTCTTTTCCTAGCAAGGAATATTAATATTAATACCCTGGGAAAAGAATGCNTTCCTGGGGGGAGGTCTATAAANGGCCGCTCTGGGAATGTCTGTCTTGTGCAGTTGAGATAAGGACTGAGATAAGCCCTGGTCTCCTGCAGAACCCTCAGGCTTACTAGGGTTGGGAAAACTCANCCCTGGTAAATTTGTGGTCAGACNGGTTCTCTGCTCTNGAACCCTGTTTTCTGTTGTTTAAGATGTTTATCAAGACAATACNTGCACNNCTGAACATAGACCCTTATCAGTGGTTCTGCTTTTGCCCTTTGCCCTGTGATCTTTGTTGGACCCTTATCAGTGGTTCTGCTTTTGCCCTTTGCCCTGTTCCCTCAGAAGCATGTGATCTTTGTTAGACCCTTATCAGTGGTTCTGCTTTTTGCTCTTTGAAGCATGTGATCTTTGTACCTACTCTCTGTTCTTACACCCCCTCCCCTTTTGAAACCCTTAATAAAAACTTGCTGGTCTGAGACTCAGGNGGGCATCANGGTCCTACNGATATGTGATGTCACCCCTGGCNGCCCAGCTGTAAAATTCCTCTCTTTGTACTGTCTCTCTTTATTTCTCAGCCGGCNGACACTTATGGAAAATAGAAAGAACCTACNTTGAAATATTGGGGGNGGGTTCNCCCAATA,1089,1068,0.9807,0.43164794,274 ,227 ,234 ,333,21,G1,11A_i,11A_c7,1
11,h|11A|N36|13,11A|N36|13,"Node36/100:MER11A(13,1)",65 62,65,62,0.03482177,62,NA,NA,123,11A_k,11A,k,N36,13,-,0,0.052,0.052,-,TGTTGTGGGAAGTCAGGGACCCCAAATGGAGGGACTGGCTGGAGCCATGGCAGAGGAACATAAATTGTGAAGATTTCATGGACATTTATCAGTTCCCAAATAATACTTTTATAATTTCTTATGCCTGTCTTTAATCTCTTAATCCTGTTATATTCATAAGCTAAGGATGTACATCACCTCAGGACCACTGTGATAATTGTGTTAACTGTACAAATTGATTGTAAAACATGTGTGTTTCAACAATATGAAATCAGTGCACCTTGAAAAAGAAGAGAATAACAGCAATTTTTAGGGAACAAGGGAAGACAACCATAAGGTCTGACTGCCTGCAGGGTTGGGCAAAAAGAGCCATATGTTTCTTCTTGCAGAGAGTCTATAAANGGATGTGCAAGTAGGAGAGATATCGCTAAATTCTTTTCCTAGCAAGGAATATTAATANTAATACCCTGGGAAAGGAATGCATTCCTGGGGGGAGGTCTATAAATGGCCGCTCTGGGAATGTCTGTCTTATGCNGTTGAGATAAGGACTGAGATACGCCCTGGTCTCCTGCAGTACCCAAAGGCTTACTAGGGTGGNGAAAAACTCNGCCCTGGTAAATNTGTGGTCAGACTGGTTCTCTGCTCTNNAACCCTGTTTTCTGTTGTTTAAGATGTTTATNAAGACAATACATGCNCCANTGAACATAGACCCTTATCAGTGGTTCTGCTTTTGCCCTTTGCTTTGTGATCTTTGCTGGACCNTTATCAGTAGTTCTGCTTTTGCCCTTTGTCCTGTTCCCTCAGAAGCATGTGATCTTTNTTAGACCCTTAGTAGTAGTTCTGCTTTTTGCCCTTTGAAGCATGTGATCTTTGTACCTACTCCCTGTTCTTACANCCCCTCCCCTTTTGAAACCCTTAATAAAAACTTGCTGGTCTGAGACTCAGNNGGCATCACGGNCNTACTGATATGTAATGTCACCCCCAGCGGCCCAGCTGTAAAATTCCTCTCTTTGTAGTGTCTCTCTTTATTTCTCAGCTGGCTGACACTTATGGAAAATAGAAAGAACCTANNTTGAAATATTGGGGGCAGGTTCCANCAATA,1081,1060,0.9806,0.418867925,284 ,216 ,228 ,332,21,G1,11A_k,11A_c15,2
17,h|11A|N8|303,11A|N8|303,"Node8/99:MER11A(303,1)",66 61,66,61,0.000002051,61,NA,NA,122,11A_q,11A,q,N8,303,MER11A,1,1.212,1.208,-,TGTTGCGGGAAGTCAGGGACCCCGAANGGAGGGACCGGCTGGAGCCGNGGCAGAGGAACATAAATTGTGAAGATTTCATGGACATTTATCAGTTCCCAAATAATACTTTTATAATTTCTTATGCCTGTCTTTACTTTAATCTCTTAATCCTGTTATCTTCNTAAGCTGAGGATGTACGTCACCTCAGGACCACTGTGATAATTGTGTTAACTGTACAAATTGATTGTAAAACANGTGTGTTTGAACAATATGAAATCAGTGCACCTTGAAAAAGAACAGAATAACAGCGATTTTTAGGGAACAAGGGAAGACAACCATAAGGTCTGACTGCCTGCGGGGTCGGGCAAAAAGAGCCATATTTTTCTTCTTGCAGAGAGCCTATAAANGGACGTGCAAGTAGGANAGATATCGCTAAATTCTTTTCCTAGCAAGGAATATTAATATTAATACCCTGGGAAAGGAATGCATTCCTGGGGGGAGGTCTATAAACGGCCGCTCTGGGAATGTCTGTCTTATGCNGTTGAGATAAGGACTGAGATACGCCCTGGTCTCCTGCAGTACCCTCAGGCTTACTAGGGTGGGGAAAAACTCNGCCCTGGTAAATTTGTGGTCAGACCGGTTCTCTGCTCTCGAACCCTGTTTTCTGTTGTTTAAGATGTTTATCAAGACAATACGTGCACCGCTGAACATAGACCCTTATCAGTAGTTCTGCTTTTGCCCTTTGNNGTNNNNTTNNCNTTTGTCCTGTTCCCTCAGAAGCATGTGATCTTTNNNNNNNNNNNNNNNGTTCTGCTTTTTGCCCTTTGAAGCATGTGATCTTTGTACCTACTCCCTGTTCTTACACCCCCTCCCCTTTTGAAACCCTTAATAAAAACTTGCTGGTNTGAGNCTCAGGTGGGCATCACGGTCCTACCGATATGTGATGTCACCCCNGGCGGCCCAGCTGTAAAATTCCTCTCTTTGTACTNTNTCTCTTTATTTCTCAGCNGGCCGACACTTATGGAAAATAGAAAGAACCTACGTTGAAATATTGGGGGNGGGTTCCCCCAATA,1052,1013,0.9629,0.44225074,260 ,220 ,228 ,305,39,G1,11A_q,11A_c1,3
13,h|11A|N53|22,11A|N53|22,"Node53/99:MER11A(22,1)",125 59,125,59,0.00197569,59,NA,NA,120,11A_m,11A,m,N53,22,-,0,0.088,0.088,-,TGTTGCNGGAAGTCAGGGACCCCGAANGGAGGGACCGGCTGGAGCNGNGGCAGAGGAACATAAATTGTGAAGATTTCATGGACATTTATCAGTTCCCAAATAATACTTTTATAATTTCTTATGCCTGTCTTACTTTAATCTCTTAATCCTGTTATCTTCGTAAGCTGAGGATGTANGTCACCTCAGGACCACTGTGATAATTGTGTTAACTGTACAAATTGATTGTAAAACATGTGTGTTTGAACAATATGAAATCAGTGCACCTTGAAAAAGAACAGAATAACAGCGANTTTTAGGGAACAAGGGAAGACAACCATAAGGTCTGACTGCCTGCGGGGTCAGGCAAAAAGAGCCATATTTTTCTTCTTGCAGAGAGCCTATAAANGGACGTGCAAGTAGGNNAGATATCNCTAAATTCTTTTCCTAGCAAGGAATATTAATATTAATACNCTGGGAAAGGAATGCATTCCTGGGGGGAGGTCTATAAANGGCCGCTCTGGGAATGTCTGTCCTATGCGGTTGAGATAAGGACTGAGATACGCCCTGGTCTCCTGCAGTACCCTCAGGCTTACTAGGATTGGGAAACTCCANCCTGGTAAATTTTTGGTCAGACCGGTTCTCTGCTCTCNAACCCTGTTTTCTGTTAAGATGTTTATCAAGACAATACGTGCACCGCTGAACATAGACCCTTATCAGGAGTTCTGNTTTTGCCCTTGNNNTGTTTCCTCAGAAGCATGTGATCTTTGTTCTGCTTTTTGCCCTTTGAAGCATGTGANNNNGTACCTACTCCCTGTTCNTACACCCCCTCCCCTTTTGAAATCCTTAATAAAAACTTGCTGGTTTTGNGGCTCAGGTGGGCATCANGGTCCTACCGATATGTGATGTCACCCCCGGNGGCCCAGCTGTAAAATTCCTCTCTTTGTACTCTTTCTCTTTATTTCTCAGCNGGCNGACACTTATGGAAAATAGAAAGAACCTACGTTGAAATATTGGGGGTGGGTTCCCCCGATA,1011,983,0.9723,0.438453713,258 ,209 ,222 ,294,28,G1,11A_m,11A_c9,4
14,h|11A|N55|14,11A|N55|14,"Node55/98:MER11A(14,1)",125 60,125,60,0.00714286,60,NA,NA,121,11A_n,11A,n,N55,14,-,0,0.056,0.056,-,TGTTGNGGGAAGTCAGGGACCCCNAANNGAGGGACCGGCTGGAGCCGCNGCAGAGGAACATAAATTGTGAAGATTTCATGGACATTTATCAGTTCCCAAATAATACTTTTATAATTTCTTATGCCTGTCTTACTTTAATCTCTTAATCCTGTTATCTTCGTAAGCTGAGGATGTACGTCACCTCAGGACCACTATGATAATTGTGTTAACTGTACAAATTGATTGTAAAACATGTGTGTTTGAACAATATGAAATCAGTGCACCTTGAAAAAGAACAGAATAACAGNGATTTTTAGGGAACAAGGGAAGACAACCATAAGGTCTGACTGCCTGNGGGGTTGGGCAAAAAGAGCCATATTTTTCTTCTTGCAGAGAGCCTATAAANNGANGTGCAAGTAGGGAAGATATCNCTAAATTCTTTTCCTAGCAAGGAATATTGATATTAATACTCTGGGAAAGGAATTCATTCCTGGGGGGAGGTCTATAAANGGCCGCTCTGGGAATGTCTGTCCTATGCGGTTGAGATAAGGACTGAGATANGCCCTGGTCTCCTGCAGTACCCTCAGGCTTACTAGGATTGGGAAACTCCATCCTGGTAAATTTTTGGTCAGACNGGTTCTCTGCTCTCGAACCCTGTTTTCTGTTAAGATGTTTATCAAGACAATACGTGCACCACTGAACATAGACCCTTATCAGGAGTTCTGATTTTGCCCTTGTCCTGTTTCCTCAGAAGCATGTGATCTTTGTTCTGCTTTTTGCCCNTTGAAGCATGTGNNNNACCTACTCCCTGTTCNTACACCCCCTCCCCTTTTGAAATCCTTAATAAAAACTTGCTGGTTTTNAGGCTCAGGTGGGCATCANGGTCCTACNGATATGTGATGTCACCCCCGGCGGCCCAGCTGTAAAATTCCTCTCTTTGTACTCTTTCTCTTTATTTCTCAGCCNGCNGACACTTATGGAAAATAGAAAGAACCTATGTTGAAATATTGGGGGCGGGTTCCCCNGATA,1008,982,0.9742,0.431771894,260 ,207 ,217 ,298,26,G1,11A_n,11A_c13,5
16,h|11A|N7|103,11A|N7|103,"Node7/97:MER11A(103,1)",68 58,68,58,0.00111711,58,NA,NA,118,11A_p,11A,p,N7,103,-,0,0.412,0.412,-,TGTTGNNGNAAGTCAGGGANNCNNAANNGAGGGACNNNCTGGAGCNNNNGCAGAGGAACATAAATTGTGAAGATTTCATGGACATTTATCAGTTCCCAAATAATACTTTTATAATTTCTTANGCCTGTCTTACTTTAATCTCTTAATCCTGTTATCTTCGTAAGCTGAGGATGTACGTCACCTCAGGACCACTNTGATAATTGTGTTAACTGTACAAATTGATTGTAAAACATGTGTGTTTGAACAATATGAAATCAGTGCACCTTGAAAAAGAACAGAATAACAGCGATTTTAGGGAACAAGGGAAGACAACCATAAGGTCTGACTGCCTGCGGGGTCGGGCAAAATAGAGCCATATTTTTCTTCTTGCAGAGAGCCTATAAANGGACGTGCAAGTAGGGAAGATATCGCTAAATTCTTTTCCTAGCAAGGAATATTAATAATTAATACCCTGGGNAAGGAATGCATTCCTGGGGGGAGGTCTATAAANGGCCGCTCTGGGAGTGTCTGTCTTATGCGGTTGAGATAAGGACTGAAATACGCCCTGGTCTCCTGCAGTACCCTCAGGCTTACTAGGGTGGGGAAAAACCCCACCCTGGTAAATTTGAGGTCAGACCGGTTCTCTGCTCTCGAACCCTGTTTTCTGTTGTTTAAGATGTTTATCAAGACAATACGTGCACNGCTGAACATAGACCCTTATCAGTANTTCTGATTTTGCCCTTGTCCTGTTTCCTCAGAAGCATGTGATCTTTGTTCTCCTTTTTGCCCTTTGAAGCATGTGATCTTTGTGACCTACTCCCTGTTCTTGCACCCCCTCCCCTTTTGAAATCCTTAATAAAAACTTGCTGGNTTTNNGGCTCAGGTGGGCATCACGGTCCTACCGATATGTGATGTCACCCCCNGAGGCCCAGCTGTAAAATTCCTCTCTTTGTACTCTTTCTCTTTATTTCTCAGCCGGCCGACACTTATGGAAAATAGAAAGAACCTACGTTGAAATATTGGGGGNGGGTTCCCCCGATA,1020,992,0.9725,0.435483871,261 ,213 ,219 ,299,28,G1,11A_p,11A_c2,6
1,h|11A|N120|10,11A|N120|10,"Node120/97:MER11A(10,1)",69 1,69,1,0.00646665,1,NA,NA,6,11A_a,11A,a,N120,10,-,0,0.04,0.04,-,TGTTGCNGGAAGTCAGGGACCCCGAACGGAGGGACNNGCTGGAGCCNCNGCAGAGGAACATAAATTGTGAAGATTTCATTTTAATATGGACATATATCAGTTCCCAAAATTAATACTTTTATAATTTCTTANGCCTGTCTTTACTGCAATCTCTGAACATAAATTGTGAAGATTTCATGGACATTTATCANTTCCCAAATAATACTNTTATAATTTCTTATGCCTGTNNNNCTTTAATCTCTTAATCCTGTTATCTTCNTAAGCTGAGGATGTACNTCACCTCAGGACCACTNNATTGTNTTAACTGTACAAATTGATTGTAAAACGTGTGTTTGAACAATATGAAATCAGTGCACCTTGAAAAAGAACAGAATAACAGCGATTTTAGGGAACAAGGGAAGACAACCATAAGGTCTGACTGCCTGNGGGGTCNGGCAGAATAGAGCCATATTTTTCTTCTTGCAGAGAGCCTATAAATGGACATGCAAGTAGGGAAGATATCNCTAAATTCTTTTCCCAGCAAGGAATATTAATAATTAATACCCTGGGGAAGGAATGCATTCCTGGGGGGAGGTCTATAAANNGCNNCTCTGGGAGTGTCTGTCTTANGNNGTTGNGATAAGNACTGAAATACNCCCTGGTCTCCTGCAGTACCCTCAGGNTTATTAGGGTGGGGAAAAAANNCNNCCCTGGTGAATTTGAGGTCAGACCNGTTCTCTGCTCTCNAACCCTGTTTTCTGTTGTTTAAGATGTTTATCAAGACAATACNTGCACAGCTGAACATAGACCCTTATCAGGAGTTTTTGATTTNGCCCTTTGCCTTNTGATCTTTGCNTTGCCCTTTGCCTTGNNNNNNNNNTGGCCTCAGAAGCATGTGATCTTTGTTCTCCTTTTTGCCCTTTGAAGCATGTGATCTTTGTGACCTACTCCCTGTTCGTACACCCCCTCCCCTTTTGAAGTCCTTAATAAAAACCTGCTGGTTTTGCNGCTCAGGTGGGCATCACGGTCCTACCGATATGTGATGTCACCCCNGGAGGCCCAGCTGTAAAATTCCTCTCTTTGTACTCTTTCTCTTTATTTCTCAGCNNGCNGACACTTAGGGAAAATAGAAAGAACCTACGTTGAAATATTGGGGGCGGGTTCCCCNGATA,1151,1095,0.9513,0.42283105,289 ,233 ,230 ,343,56,G1,11A_a,11A_c16,7
15,h|11A|N6|102,11A|N6|102,"Node6/100:MER11A(102,1)",70 2,70,2,0.00165518,2,NA,NA,8,11A_o,11A,o,N6,102,-,0,0.408,0.408,-,TGTTGNGGGAAGTCAGGGACCCCGAANGGAGGGACNGGCTGGAGCCNNGGCAGAGGAANNNNNNNNNNNNNNNNNNGAANNNAANNTNTGANNNTTTCNNGGACATTTATCANTTCCCNAATAATACTCTTATAATTTCTTATGCCTGTCTACTTTAATCTCTTAATCCTGTTATCTTCNTAAGCTGAGGATGTACNTCACCTCAGGACCACTATNATTGNGTTAACTGTACAAATTGATTGTAAAACGTGTGTTTGAACAATATGAAATCAGTGCACCTTGAAAAAGAACAGAATAACAGCGATTTTAGGGAACAAGGGAAGACAACCATAAGGTCTGACTGCCTGNGGGGTCGGGCANAAAGAGCCATATTTTTCTTCTTGCAGAGAGCCTATAAANGGACGTGCAAGTAGGAGAGATATCGCTAAATTCTTTTCCTAGCAAGGAATATTAATATTAAGACCCTNGGAAAAGAATGCATTCCTGGGGGGAGGTCTATAAANGGCCGCTCTGGGAGTGTCTGTCTTATGCGGTTGAGATAAGGACTGAAATACGCCCTGGTCTCCTGCAGTACCCTCAGGCTTANTAGGNTNGGGAAACCCCACCCTGGTAAATTTGAGGTCAGACNNGTTCTCTGCTCTCGAACCCTGTTTTCTGTTNNNNAAGATGTTTATCAAGACAATACGTGCACAGCTGAACATAGACCCTTATCAGGAGTTTNNNNNNTGNTTTGCCCTTGCCNTGTNNCCTCAGAAGCATGTGATCTTTGTTCTCCTTTTTGCCCTTTGAAGCATGTGATCTTTGTGACCTACTCCCTGTTCNTACACCCCCTCCCCTTTTGAAATCCTTAATAAAAACCTGCTGGTTTTGCGGCTCAGGTGGGCATCACGGNCCTACCGATATGTGATGTCACCCCCGGNGGCCCAGCTGTAAAATTCCTCTCTTTGTACTCTTTCTCTTTATTTCTCAGCCGGCCGACACTTAGGGAAAATAGAAAGAACCTACGTTGAAATATTGGGGGNGGGTTCCCCCGATA,1036,968,0.9344,0.449380165,253 ,215 ,220 ,280,68,G1,11A_o,11A_c3,8
18,h|11A|N91|17,11A|N91|17,"Node91/99:MER11A(17,1)",71 3,71,3,0.00526802,3,NA,NA,10,11A_r,11A,r,N91,17,-,0,0.068,0.068,-,TGTTGCGGGAAGTCAGGGACCCCGAACGGAGGGACCGGCTGGAGCCNTGGCAGAGGAACATAAATTGTGAAGATTTCATGGACATTTATCACTTCCCNAATAATACTCTTATAATTTCTTATGCCTGTCTTACTTTAATCTCTTAATCCTGTTATCTTCGTAAGCTGAGGATGTANGTCACCTCAGGACCCTGTANTGTACAAATTGATTGTAAAACATGTNTGTTTGAACAATATGAAATCAGTGCACCTTGAAAAAGAACAGAATAACAGCGATTTTAGGGAACAAGGGAAGACAACCATAAGGTCTGACTGCCTGNGGGGTNGGGCANAAAGAGCCATATTTTTCTTCTTGCAGAGAGCCTATAAANNGANGTGCAAGTAGGAGAGATATNNCTAAATTCTTTTCCTAGCAAGGAATATAATACCCTNGGAAAAGAATTGCATTCCTGGGGGGAGGTCTATAAACGGCCNCTCTGGGAGTGTCTGTCTTATGNGGTTGAGATAAGGACTGAAATANGCCCTGGTCTCCTGCAGTACCCTCAGGCTTATTAGGGTGGGGAAAAAANCCCNCCCTGGTAAATTTGAGGTCAGACNNGTTCTCTGCTCTCGAACCCTGTTTTCTGTTGTTTAAGATGTTTATCAAGACAATACGTGCACAGCTGAACATAGACCCTCATCAGTAATTCTAATTTTGCCCTTTGCCTTGTGATCTTTGCTTTTGTCCTTGCCCTGTTTCCTCAGAAGCATGTGATCTTTGTTCTCCNTTTTGCCCTTTGAAGCATGTGATCTTTGTGACCTACTCCCTGTTCNTACACCCCCTCCCCTTTTGAAATCCNTAATAAAAACTTGCTGGTTTTGNGGCTCAGGTGGGCATCANGGACCTACCGATATGTGATGTCACCCCNGGNGGCCCAGCTGTAAAATTCCTCTCTTTGTACTCTTTCTCTTTATTTCTCAGACNAGCCGACACTTAGGGAAAATAGAAAGAACCTANGTTGAAATATTGGGGGNGGGTTCCCCCNATA,1027,995,0.9688,0.438190955,259 ,216 ,220 ,300,32,G1,11A_r,11A_c10,9
12,h|11A|N4|71,11A|N4|71,"Node4/99:MER11A(71,1)",72 4,72,4,2.0127E-06,4,NA,NA,12,11A_l,11A,l,N4,71,-,0,0.284,0.284,-,TGTTGCNGGAAGTCAGGGACCCCGAANGGAGGGACCNGCTGGAGCCGCGGCAGAGGAACATAAATTGTGAAGATTTCATGGACATTTATCAGTTCCCNAATAATACTNTTATAATTTCTTANNCCTGTCTTTACTNCANTCTCTGAACATAAATTGTGAAGATTTCATGGACATTTATCAGTTCCCAAATAATACTCTTATAATTTCTTATGCCTGTCTTTACTTTAATCTCTTAATCCTGTTATCTTCGTAAGCTGAGAATGTACGTCACCTCAGGACCACTATTGTACAAATTGATTGTAAAACGTGTGTTTGAACAATATGAAATCAGTGCACCTTGAAAANGAACAGAATAACAGCGATTTTAGGGAACAAGGGAAGACAACCATAAGGTCTGACTGCCTGNGGGGTCGGGCAGAATAGAGCCATATTTTTCTTCTTGCAGAGAGCCTATAAACGGACGTGCAAGTAGGAGAGATATCGCTNAATTCTTTTCCNAGCAAGGAATATTAATAATTAANACCCTGGGNAANGAATNGCATTCCTGGGGGGAGGTCTATAAACGGCCGCTCTGGGAGTGTCTGTCTTATGCGGTTGAGATAAGGACTGAAATACGCCCTGGTCTCCTGCAGTACCCTCAGGCTTANTAGGGTGGGGAAAAANCCCACCCTGGTNAATTTGAGGTCAGACCNGTTCTCTGCTCTCGAACCCTGTTTTCTGTTGTTTAAGATGTTTATCAAGACAATANGTGCACAGCTGAACATAGACCCTCATCAGTAATTCTAATTTTGCCCTTTGCCTTGTGATCTTTGCTTTGCCCTTTGCCTTGTGATCTTTATTGNCCTNNGAAGCATGTGATCTTTGTGACCTACTCCCTGTTCNTACACCCCCTCCCCTTTTGAANTCCTTAATAAAAACCTGCTGGTTTTGNGGCTCAGGNGGNCATCACGGACCTACCGATATGTGATGTCACCCCNGGNGGCCCAGCTGTAAAATTCCTCTCTTTGTACTCTTTCTCTTTATTTCTCAGACNGGCCGACACTTAGGGAAAATAGAAAGAACCTACNTTGAAATATTGGGGGCNGGTTCCCCCGATA,1097,1062,0.9681,0.434086629,280 ,234 ,227 ,321,35,G1,11A_l,11A_c4,10
2,h|11A|N147|25,11A|N147|25,"Node147/100:MER11A(25,1)",73 57,73,57,0.00701281,57,NA,NA,117,11A_b,11A,b,N147,25,-,0,0.1,0.1,-,TGTTGCGGGAAGTCAGGGACCCCNAANGGAGGGACCNGCTGGAACCNCGGCAGAAGAACATAAATTGTGAAGATTTCATGGACATTTATCAGTTCCCAAAATTAATACTTTTATAATTTCTTANGCCTGTCTTTACTGCAATCTCTGAACATAAATTGTGAAGATTTCATGGACATTTATCACTTCCCTAATAATACTCTTATAATTTCTTATGCCTGTCTTTACTTTAATCTCTTAATCCCGTTATCTTCATAAGCTGAGAATGTACGTCACCTCAGGACCACTATTGTACAAATTGATTGTAAAACANGTGTGTTTGAACAATATGAAATCAGTGCACCTTGAAAAAGAACAGAATAACAGCGATTTTCAGGGAACAAGGGAAGATAACCATAAGGTCTGACTGCCTGCGGGGTCAGGCAGAATAGAGCCATATTTTTCTTCTTGCAGAGAGCCTATAAANGGACGTGCAAGTAAGAGAGATATCGCTGAATTCTTTTCCCAGCAAGGAATACCCTGGGGAAGGAATGCATTCCTGGGGGGAGGTCTATAAATGGCCGCTCTGGGAGTGTCTGTCTTATGNGGTTGAGATAAGGACTGAAATACGCCCTGGTCTCCTGCAGTACCCTCAGGCTTACTAGGATTGGGAAATTCCAGCCTGGTAAATTTTGGTCAGACNGGTTCTCTGCTCTCGAACCCTGTTTTCTGTTAAGATGTTTATCAAGACAATANGTGCACAGCGGGACATAGACCCTCATCAGTAATTCTAATTTTGCCTTTGCCTTGTGATCTTTATTGCCCTTTGAAGCATGTGATCTTTGTGACCTACTCCCTGTTCGTACACCCCCTCCCCTTTTAAAATCCCTAATAAAAACTTGCTGGTTTTGCGGCTCAGGGGACATCACGGACCTACCAATATGTGATGTTACCCCCGGAGGCCCAGCTGTAAAATTCCTCTCTTTGTACTCTTTCTCTTTATTTCTCAGACCGGCCGACACTTAGGGAAAATAGAAAGAACCTACGTTGAAATATTGGGGGCTGGTTCCCCCGATA,1053,1043,0.9905,0.429530201,284 ,228 ,220 ,311,10,G2,11A_b,11A_c8,11
3,h|11A|N148|10,11A|N148|10,"Node148/100:MER11A(10,1)",74 56,74,56,0.00687098,56,NA,NA,116,11A_c,11A,c,N148,10,-,0,0.04,0.04,g5,TGTTGCGGGAAGTCAGGGACCCCNAACGGAGGGACCGGCTGGAGCCGAGGCAGAAGAACATAAATTGTGAAGATTTCATGGACATTTATCAGTTCCCAAAATTAATACTTTTATAATTTCTTATGCCTGTCTTTACTGCAATCTCTGAACATAAATTGTGAAGATTTCATGGACATTTATCACTTCCCTAATAATANTCTTATAATTTCTTATGTCTGTNTTTACTTTAATCTCTTAATCNCGTTATCTTCNTAAGCTGAGAATGTACGTCACCTCAGGANCACTATTGTACAAATTGATTGTAAAACATGTGTGTTTGAACAATATGAAATCAGTGCACCNTGAAAAAGAACAGAATAACAGNGATTTTCAGGGAACAAGGGAAGATAACCATAAGGTCTGACTGCCTGNGGGGTCGGGCAGAATAGAGCCATATTTTTCTTCTTGCAGAGAGCCTATAAANGGACNTGTGAGTAGGAGAGATATCACTGAATTCTTTTCCCAGCAAGGAATAACCCTGGGGAAGGAATGCATTCCTGGGGGGAGGTCTATAAACGGCCGCTCTGGGAGTGTCTGTCTTATGNGGTTGAGATAAGGACTGAAATACGCCCTGGTCTCCTGCAGTACCCTCAGGCTTACTAGGATTGGGAAATTCCAGCCTGGTAAATTCTAGTCAGACCGGTTCTCTGCTCTCGAACCCTGTTTCCTGTTAAGATGTTTATCAAGACAATANGTGCACAGCNGGACATAGACCCTCATCAGTAATTCTAATTTTGCCTTTGCCTTGTGATCTTTATTGCCCTTTGAAGCATGTGATCNTTGTGACCTACTCCCTGTTCATACACCCCCTCCCCTTTTAAAATCCCTAATAAAAACTTGCTGGTTTTGNGGCTCGGGGTCATCATCACGGTCCTACCAATATGTGATGTCACCCCCAGAGGCCCAGCTGTAAAATTCCTCTCTTTGTACTCTTTCTCTTTATTTCTCAGACNGGCCAACACTTAGGGAAAATANNAAAGAACCTANNTTGAAATATTGGGGGCTGGTTCCCCCNATA,1057,1035,0.9792,0.424154589,284 ,223 ,216 ,312,22,G2,11A_c,11A_c17,12
58,h|11C|N37|11,11C|N37|11,"Node37/98:MER11C(11,0.91)",124 54,124,54,0.00198896,54,NA,NA,114,11C_w,11C,w,N37,11,MER11A,1,0.044,0.04,g5,TGTTGNNGGAAGTCAGGGACCCNGAANGGAGGGACCNGCTGGAGCCGAGGCAGAAGAACATAAATTGTGAAGATTTCATGGACATTTATCAGTTCCCAAAATTAATACTTTTATAATTTCTTANGCCTGTCTTTACTGCAATCTCTGAACATAAATTGTGAAGATTTCATGGACATTTATCACTTCCCTAATAATACTCTTATAATTTCTTATGCCTGTCTTTACTTTAATCTCTTAATCCTGTTATCTTCATAAGCTGAGAATGTACGTCACCTCAGGACCACTATTGTACAAATTGATTGTAAAACATGTGTNNNNNNNNNNNATGAAATCAGTGCACCCTGAAAAAGAACAGAATAACAGCNATTTTCAGGGAACAAGGGAAGATAACCATAAGGTCTGACTGCCTGCGGGGTTGGGCAGAATAGAGCCATATTTTTCTTCTTGCAGANAGCCTATANANGGATGTGCNAGTAGGAGAAATATCGCTGAATTCTTTTCCCAGCAAGGAATAACCCTGGGGAAGGAATGCATTCCTGGGGGNAGGTCTATAGACNGCCNCTCTGGGAGTGTCTGTCTTATGCNGTTGAGATAAGGACTGAAATANGCCCTGGTCTCCTGCAGTACCCTCAGGCTTACTAGGATGGGAAATTCCAGCCTGGTAAATTCTAGTCAGACCNGTTCTCTGCTCTCNAACCCTGTTTCCTGTTAAGATGTTTATCAAGACAATNCNTGCACAGNGGGACATAGACCCTCATCAGTAATTCTAATTTTGCCTTTGCCTTGTGATCTTTATTGCCCTTTGAAGCATGTGATCCTTGTGACCTACTCCCTGTTNGTACACCCCCTCCCCTTTTAAAATCCCTAATAAAAACTTGCTGGTTTTGCGGCTCGGGGTCNNCATCACAGTCCTACCAATATGTGATGNCACCCCNGGAGGCCCAGCTGTAAAATTTCTCTCTTTGTACTCTTTCTCTTTATTTCTCAGACTGGCCGACACTTAGGGAAAATAGAAAGAACCTANNNTGAAATATTGGGGGCTGGTTCCCCGATA,1054,1014,0.962,0.427021696,275 ,223 ,210 ,306,40,G2,11C_w,11C_c24,13
10,h|11A|N208|10,11A|N208|10,"Node208/100:MER11A(10,1)",124 55,124,55,0.05106189,55,NA,NA,115,11A_j,11A,j,N208,10,-,0,0.04,0.04,-,TGTTGTGGGAAGTCAGGGACCCTGAATGGAGGGACCAGCTGGAGCCAAGGCAGAAGAACATAAATTGTGAAGATTTCATGGACATTTAGCAGTTCCCCAAATTAATACTTTTATAATTTCTTACACCTGTCTTTACTGCAATCTCTGAACATAAATTGTGAAGATTTCATGGATATTTATCACTTCCCTAATACTCTTATAATTTCTTATGCCTGTCTTTAATCTCTTAATCCTATTATCTTCATAAACTGAGAATGTACGTCACCTCAGGACCACTATTGTACAAATTGGTTGTAGAACATGTGTGTTTGAACAATATGAAATCTGATTGTAAAACATGTGGGTTTGAACAATATGAAATCAGTGCACTCTGAAAAAGAACAAAGTAACAGCAATTTTCAGGTAACAAGAAAAGATAACCATAAAGTCTGACTGCTTGCAGGGTTGGGCAGAATAGAGCCATATTTTTCTTCTTGCAGAAAGCCTATAAACAGATGTGCGAGGAGAAATATCGCTGAATTCTTTTCCCAGGAAGGAATAACCCTGGGGAAGGAATGCATTCCTCGGGGGAGGTCTATAGATGGCTGCTCTGGGAGTGTCTGTCTTATGTGGTTGAGATAAGGACTGAAATATGCCCTGGTCTCCTGCAGTACCCTCAGGCTTACTAGGATTGGGAAATTCCAGCCTGGTAAATTCTAGTCAGACCGGTTCTTTGGTCTCGAACCCTGTTTCCTGTTAAGATGTTTATCAAAACAATACGTGCACAGCGGGACATAGACCCTCATCAGTAATTCTAATTTTGCCTTCGCTTTGTGATCTTTATTGCCCTTCGAAGCATGTGATCCTTGTGGCTTACTCCCTGTTCGTACANCCCCTCCCCTTTTAAAATCCCTAATAAAAACCTGCTGGTTTTGCAGCTCGGGGTTGTCATCACGGTCCTACCAGTATGTGATGTCACCGCTGGAGGCCCAGTTGTAAAATTTCTCTCTTTGTACTGTTTCTCTTTATTTCTCAGACCAGCCGACACTAAGGGAAAATAGAAAAGAACCTACATTGAAATATTGGGGGCTGGCTCCCTCTATA,1083,1082,0.9991,0.41219963,303 ,222 ,224 ,333,1,G2,11A_j,11A_c18,14
4,h|11A|N151|53,11A|N151|53,"Node151/97:MER11A(53,1)",76 53,76,53,0.00011003,53,NA,NA,112,11A_d,11A,d,N151,53,-,0,0.212,0.212,g5,TGTTGCGGGAAGTCAGGGACCCCGAACGGAGGGACCGGCTGGAGCCGAGGCAGAAGAACATAAATTGTGAAGATTTCATGGACATTTATCAGTTCCCAAAATTAATACTTTTATAATTTCTTANGCCTGTCTTTACTGCAATCTCTGAACATAAATTGTGAAGATTTCATGGACATTTATCACTTCCCCAATAATACTCTTATAATTTCTTATGCCTGTCTTTACTTTAATCTCTTAATCCTGTTATCTTCNTAAGCTGAGAATGTACGTCACCTCAGGACCACTATTGTACAAATTGATTGTAAAANATGTGTGTTTGAACAATATGAAATCAGTGCACCCTGAAAAAGAACAGAATAACAGCGATTTTCAGGGAACAAGGGAAGATAACCATAAGGTCTGACTGCCTGCGGGGTCGGGCAGAATAGAGCCATATTTTTCTTCTTGCAGAAAGCCTATAGACNGATGTGNGAGTAGGAGAAATATCGCTGAATTCTTTTCCCAGCAAGGAATAACCCTGGGGAAGGAATGCATTCCTGGGGGTAGGTCTATAGACGGCCGCTCTGGGAGTGTCTGTCTTATGCGGTTGAGATAAGGACTGAAATACGCCCTGGTCTCCTGCAGTACCCTCAGGCTTACTAGGATTGGGAAATTCCAGCCTGGTAAATTCTAGTCAGACCGGTTGTCTGCTCTCGAACCCTGTTTCCTGTTAAGATGTTTATCAAGACAATGCGTGCACAGCGGGACATAGACCCTCATCAGTAATTCTAATTTTGCCTTGCCTTGTGATCTTTATTGCCCTTTGAAGCATGTGATCCTTGTGACCTACTCCCTGTTCGTACACCCCCTCCCCTTTTAAAATCCCTAATAAAAACTTGCTGGTTTTGCGGCTCGGGGTCGCCATCACGGTCCTACCAATATGTGATGACACCCCCGGAGGCCCAGCTGTAAAATTTCTCTCTTTGTACTCTTTCTCTTTATTTCTCAGACCGGCCGACACTTAGGGAAAATAGAAAGAACCTACGTTGAAATATTGGGGGCTGGTTCCCCCGATA,1055,1050,0.9953,0.44,279 ,235 ,227 ,309,5,G2,11A_d,11A_c5,15
27,h|11B|N37|13,11B|N37|13,"Node37/98:MER11B(13,0.92)",78 5,78,5,0.00113987,5,NA,NA,19,11B_i,11B,i,N37,13,MER11A,1,0.052,0.048,g5,TGTTGCNGGAANTCAGGGACCCNGAATGGAGGGACCNGCTGNAGCNNNGGCAGAAGAACATAAATTGTGAAGATTTCNTGGACATTTATCAGTTNCCAAAATTAATACTTTTATAATTTNNTANNCCTGNNTTTACTGCANTCTCNGAACATNAATTGTGANNATTTCATGGACATTTATNANTTCCCNAATNAATACTNTTATAATTTCTTANNCNTGTCNTNNTTTAATCTCTTAATCNNGTNATCTTCNTAAGCTGAGGATGTATGTCACCTCAGGACCCTGTGATNANTGNNTTANCTGTACAAATTGNTTGTAAANCATNTGTGTTTGAACAATATGAAATCAGTGCACCCTGAANAAGAACAGAATAACAGCNATTTTCAGGGAANAANGNANGATAACCNTAAGGTNTGACTGCCTGNNGGNTNNNNCANAANAGAGCCATATTTNTCNTCNNNCAGNNAGCNNNNNNNNNNNNNNNNNANTANGNNANATANCNCTNAATTCTNTTCCCANNANGGANTAANCCTGGGGAAGGAATGCATTCCTGGGGGNAGGTCTANNNANNGCNNCTCTGNGAGTGTCTGTCTTANGNNGTTGAGATAAGGACTGAAATANGCCCTGGTCTCCTGCAGTNCCCTCAGGCTTACTAGGATTGGGAAANTCCAGCCTGGTAAATTCTAGTCAGANNNGTTNTCTGCTCTCNAACCCTGTTTCCTGTTAAGATGTTTATCAAGACAATGCATGCACAGCNGGACANAGACCCTCATCAGTAATTCTAATTTTGCCTTGCCTTGTGATCNTTTATTGCCCTTTGANGCATGTGATCNTTGTGACNTACTCCCTGTTCGTACACCCCCTCCCCTNTTANAATCCCTAATAAAAACTNGCTGGTTTTGNNNCTCNGGGCATCANNGNCCTNCNNATATGTGATGNCACCNCNNGNGGCCCAGCTGTAAAATTNNTCTNNTTGTACTCTTTCTCNTNATTTCTNANNNNNGCNNANACTTANGGAAAATNNAANNNANNNTGAAATATTGGNGGNNNGTTNCCCNNNTA,1062,887,0.8352,0.408117249,245 ,187 ,175 ,280,175,G2,11B_i,11B_c17,16
5,h|11A|N152|31,11A|N152|31,"Node152/98:MER11A(31,1)",78 6,78,6,0.00290864,6,NA,NA,20,11A_e,11A,e,N152,31,-,0,0.124,0.124,g5,TGTTGCGGGAAGTCAGGGACCCCGAATGGAGGGACCGGCTGAAGCCGNGGCAGAAGAACATAAATTGTGAAGATTTCATGGACATTTATCAGTTCCCAAAATTAATACTTTTATAATTTCTTATGCCTGTTCTTTAATCTCTTAATCCCGTCATCTTCGTAAGCTGAGGATGTATGTCACCTCAGGACCCTGTGATGATTGNNTTAACTGTACAAATTGTTTGTAAAACATGTGTGTTTGAACAATATGAAATCAGTGCACCCTGAAAAAGAACAGAATAACAGCGATTTTCAGGGAACAAGGAAAGATAACCATAAGGTCTGACTGCCTGCGGGGTCGGGCAGAATAGAGCCATATTTTTCTTCTTGCAGAAAGCCTATAGATGGANGTGNGAGTAGGAGAAATATCGCTGAATTCTTTTCCCAGCAAGGAATATTAATAATTNANACCCTGGGGAAGGAATGCATTCCTGGGGGTAGGTCTATAGATGGCCGCTCTGGGAGTGTCTGTCTTATGCGGTTGAGATAAGGACTGAAATACGCCCTGGTCTCCTGCAGTGCCCTCAGGCTTACTAGGATTGGGAAATTCCAGCCTGGTAAATTCTAGTCAGACCGGTTGTCTGCTCTCGAACCCTGTTTCCTGTTAAGATGTTTATCAAGACAATGCGTGCACAGTGGGACACAGACCCTCATCAGTAATTCTAATTTTGCCTTTGCCTTGTGATCTTTATTGCCCTTTGAAGCATGTGATCTTTGTGACCTACTCCCTGTTCGTACACCCCCTCCCCTTTTAAAATCCCTAATAAAAACTTGCTGGTTTTGCNGCTCGAGGTCNCCATCACGGTCCTACCAATATGTGATGNCACCCCCGGAGGCCCAGCTGTAAAATTTCTCTCTTTGTACTCTTTCTCTTTATTTCTCAGACCGGCCGACACTTAGGGAAAATAGAAAGAACCTACGTTGAAATATTGGGGGCTGGTTCCCCCGATA,989,979,0.9899,0.44433095,257 ,214 ,221 ,287,10,G2,11A_e,11A_c6,17
6,h|11A|N154|14,11A|N154|14,"Node154/99:MER11A(14,1)",79 7,79,7,0.00446653,7,NA,NA,22,11A_f,11A,f,N154,14,-,0,0.056,0.056,-,TGTTGCGGGAAGTCAGGGACCCCNAACNGAGGGACNGGCTGAAGCCNNGGCAGAAGAACATAAATTGTGAAGATTTCATGGACATTTATTAGTTCCCAAAATTAATACTTTTATAATTTCTTANGCCTGTCTTTACTGCAATCTCTGAACATAAATTGTGAAGATTTCATGGACATTTATCACTTCCCCAATCAATACTCTTATAATTTCCTATGCCTGTCTTTAATCTCTTAATCCCNTCATCTTNNTAAGCTGAGGATGTATGTCACCTCAGGACCCTGTGATGATTGCNTTAACTGTACAAATTGTTTGTAAAACNTGTGTGTTTGAACAATATGAAATCAGGGCACCCTGAAAAAGAACAGAATAACAGCGATTTTCAGGGAACAAGGAAAGATAACCATAAGGTCTGACTGCCTGNGGGGTCGGGCAGAATAGAGCCATATTTTTCTTCTTGCAGGGAGCCTATAAANGGANGTGTGAGTAGGAGAAATATCNCTGAATTCTTTTCCCAGCAAGGAATATTAATAATTNATAACCCTGGGGAAGGAATGCATTCCCAGGGGTAGGNCTATAGATGACCGCTCTGGGAGTGTCTGTCTTATGCGGTTGAGATAAGGGATGAAATANGCCCTGGTCTCCTGCAGTGCCCTCAGGCTTACTAGGATTGGGAAATTCCAGCCTGGTGAATTCTAGTCAGACCGGTTGTCTGCTCTCGAACCCTGTTTCCTGTTAAGATGTTTATCAAGACAATGNGTGCCCAGCGGGACATGGACCCTCATCAGTAATTCTAATTTCGCCCTTGCCTTGTGATCNTGCTCTGCCCTTTTGCCTTGTGATCTTTTATTGCCCTTTGAAGCATGTGATCTCTGTGACCCACTCCCTATTCGTACACCCCTCCCCTTTTGAAATCCCTAATAAAAACTTGCTGGTTTTGCNGCTCGNGGTCGCCATCANNGTCCTACCAATATGTGATGGCACCCCCGGAGGCCCAGCTGTAAAATTTCTCTCTTTGTACTCTTTCTCTTTATTTCTCAGACCNGCNGACACTTAGGGAAAATAGAAAAGAACCTACNTTGAAATATTGGGGGCTGGTTCCCCNGATA,1106,1078,0.9747,0.436920223,282 ,240 ,231 ,325,28,G2,11A_f,11A_c14,18
7,h|11A|N158|15,11A|N158|15,"Node158/96:MER11A(15,1)",80 8,80,8,0.0096247,8,NA,NA,24,11A_g,11A,g,N158,15,-,0,0.06,0.06,-,TGTTGCGGGAAGTCAGGGACCCNGAATGGAGGGACCGGCTGAAGCCNCGGCAGAAGAACATAAATTGTGAAGATTTCATGGACATTTATTAGTTCCCCAAATTAATACTTTTATAATTTCTTACGCCTGTCTTTACTGCAATCTCTGAACATAAATTGTGAAGATTTCATGGACATTTATCACTTCCCCAATCAATACTCTTATAATTTCCTATGCCTGTCTTTACTTTAATCTCTTAATCCCNTCATCTTCGTAAGCTGAGGATGTATGTCNCCTCAGGACCCTGTGATGATTGCGTTATCTGTACAAATTGTTTGTAAAACATGTGTGTTTGAACAATATGAAATCTGGGCATCCTAAAAAAGAACAGGATAACAGCGATTTTCAGGGAACAAGGGAGATAACCATAAGGTCTGACTGCCTGCGGGGCCGGGCAGAACAGAGTCATATTTCTCTTCTTGCAGAAAGCAAATAGGAGAAATATCACTGAATTCTTTTCCCAGCAAGGAATAACCCTGGGAAAGGAATGCATTCCCAGGGGNAGGTCTATNGATGGCCGCTCTGGGAGTGTCTGCCTTATGCAGTTGAAGATAAGGGATGAAATACGCCCTGGTCTCCTGCAGTGCCCTCAGGCTTGCTAGGATTAGGAAATTCCAGCCTGGCGAATTCTAGTCAGACCGGTTGTCTGCTCTCGAACCCTGTTTCCTGTTAAGATGTTTATCAATGACAATGCGTGCCCAGTGGGACATGGAACCTCATCAGTAATTCTAATTTCGCCCTGGCCTTGTGATCTTGCTCTGCCTNTCTGCCCTTGTGATCTTTTATTGCCCTTTNAAGCATGTGATCTTTGTGACTTACTCCCTGTTCGTACCCCCCTCCCCTTTTGAAATCCCTAATAAAAACTTGCTGGTTTTGCGGCTCANGGGGCATCACNGAACCTGCCAATATGTGATGTCACCCCCGGAGGCCCAGCTGTAAAATTTCTCTCTTTGTACTCTTTCTCTTTATTTCTCAGACNGGCCGACACTTAGGGAAAATAGAAAAGAACCTACGTTGAAATATTGGGGGCTGGTTCCCCCGATA,1083,1072,0.9898,0.444962687,274 ,246 ,231 ,321,11,G3,11A_g,11A_c11,19
26,h|11B|N27|20,11B|N27|20,"Node27/96:MER11B(20,1)",81 9,81,9,2.8563E-06,9,NA,NA,26,11B_h,11B,h,N27,20,-,0,0.08,0.08,-,TGTTGCGGGAAGTCAGGGACCCCNAACNGAGGGACCGGCTGAAGCCNCGGCAGAAGAACATAAATTGTGAAGATTTCATGGACATTTATTAGTTCCCCAAATTAATACTTTTATAATTTCTTANGCCTGTCTTTACTGCAATCTCTGAACATAAATTGTGAAGATTTCATGGACATTTATCACTTCCCCAATCAATACTCTTATAATTTCCTATGCCTGTCTTTACTTTAATCTCTTAATCCCATCATCTTCNTAAGCTGAGGATGTATGTNGCCTCAGGACCCTGTGATGATTGCGTTAACTGCACAAATTGTTTGTAAAACATGTGTGTTTGAACAATATGAAATCTGGGCATCCTAAAAAAGAACAGGATAACAGCGATTTTCAGGGAACAAGGGAGATAACCATAAGGTCTGACTGCCTGCGGGGCCNGGCAGAACAGAGTCATATTTCTCTTCTTGCAGAAAGCNAATAGGAGAAATATCNCTGAATTCTTTTCCCAGCAAGGAATAACCCTGGGAAAGGAATGCATTCCCAGGGGGAGGTCTCTAAAATGGCCGCTCTGGGAGTGTCTGTCTTATGCNGTTGAAGATAAGGGATGAAATANGCCCTGGTCTCCTGCAGTGCCCTCAGGCTTGCTAGGATTAGGAAATTCCAGCCTGGNGAATTCTAGTCAGACNGGTTGTCTGCTCTCNAACCCTGTTTCCTGTTAAGATGTTTATCAATGACAATGCGTGCCCAGCGGGACATGGAACCTCATCAGTAATTCTAATTTCGCCCTGGCCTTGTGATCTTGCTCTGCCNTTNTGCCTTGTGATCTTTTATTGCCCTTTGAAGCATGTGATCTTTGTGACNCACTCCCTNTTCGTACCNCCCTCCCCTTTTGAAATCCCTAATAAAAACTTGCTGGTTTTGCNGCTCANGGGGCATCACGGAACCTGCCAANATGTGATGTCACCCCCGGAGGCCCAGCTGTAAAATTTCTCTCTTTGTACTCTTTCTCTTTATTTCTCAGACNNGCNGACACTTAGGGAAAATAGAAAAGAACCTACGTTGAAATATTGGGGGCTGGTTCCCCNGATA,1083,1057,0.976,0.441816462,275 ,241 ,226 ,315,26,G3,11B_h,11B_c11,20
25,h|11B|N26|14,11B|N26|14,"Node26/100:MER11B(14,1)",82 52,82,52,0.00375327,52,NA,NA,111,11B_g,11B,g,N26,14,-,0,0.056,0.056,-,TGTTGCNGGAAGTCAGGGACCCCGAACGGAGGGACCGGCTGAAGCCATGGCAGAAGAACATAAATTGTGAAGATTTCATGGACATTTATTAGTTCCCCAAATTAATACTTTTATAATTTCTTATGCCTGTCTTTACTGCAATCTCTGAACATAAATTGTGAAGATTTCATGGACATTTATCACTTCCCCAATCAATACTCTTATAATTTCCTATGCCTGTCTTTACTTTAATCTCTTAATCCCATCATCTTCNTAANCTGAGGATGTATGTCGCCTCAGGACCCTGTGATGATTGCGTTATCTGCACAAATTGTTTGTAAANCATGTGTGTTTGAACAATATGAAATCTGGGCACCNTGAAAANGAACAGGATAACAGCNATTTTCAGGGAACAAGGGAGATAACCATAAGGTCTGACTGCCTGCGGGGCCGGGCAGAACAGAGTCATATTTCTCTTCTTGCAGAAAGCGAATAGGAGAAATATCGCTGAATTCTTTTNCCAGCAAGGAATAGCCCTGGGAAAGGAATGCATTCCCAGGGGGAGGTCTCTAAAATGGCCNCTCTGGGAGTGTCTGTCTTATGCAGTTGAAGATAAGGGATGAAATACNCCCTGGTCTCCTGCAGCGCCCTCAGGCTTGCTAGGATTAGGAAATTCCAGCCTGGCGAATTCTAGTCAGACCAGTTGTCTGCTCTNGAACCCTGTTTCCTGTTAAGATGTTTATCAATGACAATGCGTGCACAGCGGGACATGGAACCTCATNAGTAATTCTAATTTCNCCCTGGCCTTGTGACCTTGCTCTGCCCTTCTGCCCTTGTGATCTTTTATTGCCNTTTGAAGCATGTGATCTCTGTGACCCACTCCCTATTCATACCCCCCTCCCCTTTTGAAATCCCTAATAAAAACTTGCTGGTTTTGCGGCTCAGGGGGCATCACGGAACCTGCCGACATGTGATGTCACCCCNGGAGGCCCAGCTGTAAAATTTCTCTCTTTTGTACTCTTTCTCTTTATTTCTCAGACCGGCCGACACTTAGGGAAAATAGAAAAGAACCTANGTTGAAATATTGGGGGCTGGTTCCCC,1080,1064,0.9852,0.448308271,273 ,248 ,229 ,314,16,G3,11B_g,11B_c13,21
57,h|11C|N31|10,11C|N31|10,"Node31/98:MER11C(10,1)",83 51,83,51,0.0551152,51,NA,NA,110,11C_v,11C,v,N31,10,-,0,0.04,0.04,-,TATTGCGGGAAGTCAGGGACCCTGAATGGAGGGACCGGCTGAAGCCACAGTGGAAGAACATAAATTGTGAAGATTTCATGGACATTTATCACTTCCCCAATCAATACTCTTATAACTTCCTATGCCTGTCTTTACTTTAATCTCTTAATCCTGTCATCTTTGTAAGCTGAAGATGTATGTCACCTCAGGACCCTGTGATGATTGCGTTAACTGCATAAATTGTTTGTAAAGCATGTGTGTTTGAACAATATGAAAACTGGGCACCTTGAAAAGAACAGGATAACAGCAATTTTCAGGGAACAAGGGAGATAACCATAAGGTCTGACTGCCTGCAGGGCCAGGCAGAACAGAGTCATATTTCTCTTCTTGCAAAAGCAAATAGGAGAAATATCGCTGAATTCTTTTGTCAGCAAGGAATAGCCCTGGGAAAAGAATGCATTCCCGGGGGAGGTCTCTAAAATGGCCACTCTGGGAGTGTCTGAATTACATGGTTGAAGATAAGGGATGAAATATGCCCTGGTCTCCTGCAGTGCCCTCAGGCTTGCTAGGATTAGGAAATTCCAGCCTGGCAAATTCTAGTCATACTGGTTCTCTGCTCTCGAACCCTGTTTCCTGTTAAGATGTTTATCAATGACAATGTGTGCCCAGCGGGATGTGGAACCTCATCAGTGATTCTAGTTTTGCCCTCTGCCTTGTGATCTTTTACTGCCCTCTGAAGCATGTGATCCCTGTGACCCATTCCCTATTCATAGACCCCCCCCCTTTTGAAATCCNTAATAAAAACTTGCTGGTTTTGCGGCTCAGGTGGGCATCATGGAACCTGCTGACATGTGATATCACCCCCGGAGACCCAGCTGTAAATTTCTCTCTTTTGTACTCTTTCTCTTTATTTCTCAGACTGGCCCACACTTAGGGAAAATAGAAAAGAACATACTTTGAAATATTGGGGGCTGGTTCCCC,960,959,0.999,0.443169969,255 ,214 ,211 ,279,1,G3,11C_v,11C_c25,22
8,h|11A|N161|17,11A|N161|17,"Node161/99:MER11A(17,0.88)",84 50,84,50,0.01150171,50,NA,NA,109,11A_h,11A,h,N161,17,"MER11B,MER11C",2,0.068,0.06,-,TGTTGNGGGAAGTCAGGGACCCNGAANNGAGGGACNNGCTGAAGCNNNGGCAGAAGAACATAAATTGTGAAGATTTCATGGACATNNATTAGTCCCCAAATTAATANTTNTATNATNTANNNCTGNCTTTACTNCANTCTCTNANNATAAANNGTGANGATNTCATGGACATTTATCACTTCCCCANTCAANACTCTNNTNATTTCCTNTGCCTGTCTTAATCTCTTAATCCNGTCATCTTCNTAAGCTGAGGATGTANGTCNCCTCANGACCNTTGANGNTTGNNTTANNTGCNCAAATTGNTTNTNAANCGTGTNTNTGAACAATATGAAATCTGGGCACCNTAAGAACAGGATAACAGCGATNTTCAGGGAACAAGGGAGATAACCNTAANGTCTGNCTGCCTGNGGGCCNGGCAGNANAGAGNCATATTTNTCTTATTNCNGAGTANGAGAAATATNGCTGAANTCTTTNCCCAGTAAGGAANANCNNTGGGAANNGAATGCATTCCCNGNGNNGGCCTNTNNANGGCNGCNCTGGGNGTGTCTGCCTTATGCNGNTGAGATNAGGGATGAAANANGCCCTGGTCTCCTGCAGNGCCCNCAGGCTTGCTAGGATTAGGAAATTCCAGCCTGGCGAATTNTAGTCAGACCNGTTCTCTGCTCTTGAACCCTCCTGTTAAGATNTTTATNAAGACAATGNGTGCACAGNNGGACATGGAANNTCATTAGTNATTCTANTTTNNNCTGNCCTTGNNANCNNGCNCTGNCCTTCTGCCTTGTGATCTTTTNTTGCCNTTGAAGCATGTGATCTCTGTGACCCACTCCCTATTCGTACACNCCTCCCCTTTTGAAATNCCTAATAAAAACTTGCTGGTTTTGCNGCTCNGGGGCATCACGGACCTGCNGACATGTGATGTCACCCCCGGANNCCCAGCTGTAAAATTTCTCTCTTTGTACTCTTTCTCTTTATTTCTCAGACCGGCCNACACTTAGGGAAAATAGAAAAGAACCTANGTTGAAATATTGGGGGCTGGTTCCCCCNATA,1047,919,0.8777,0.449401523,235 ,211 ,202 ,271,128,G3,11A_h,11A_c12,23
29,h|11B|N57|14,11B|N57|14,"Node57/98:MER11B(14,1)",85 49,85,49,0.0153569,49,NA,NA,108,11B_k,11B,k,N57,14,-,0,0.056,0.056,-,TGTTGNNGGAAGTCAGGGANNCCNAANGGAGGGACCNGCTGAAGCCANGGCAGAAGAACATAAATTGTGAAGATTTCATGGACATTTNTTAGTTCCCCAAATTAATACTTTTATAATTTCTTANNCCTGTCTTTACTGCAATCTCTGAACATAAATTGTGAAGATTTCATGGACATTTATCACTTCCCCAATCAATACTCTTATAATTTCCTATGCCTGTCTTTACTTTAATCTCTTAATCCCGTCATCTTCNTAAGCTGAGGATGTATGTCNCCTCAGGACCCTGTGATGATTGCGTTATCTGCACAAATTGTTTGTAAAGCATGTGTGTTTGAACAATATGAAATCTGNGCACCTTGAAAAGAACAGGATAACAGNGATTTTCAGGGAACAAGGGAGATAACCATAAAGTCTGACTGCCTGTGGGGCCNGGCAGAACAGAGTCATATTTCTCTTCTTTCAGAAAGCGAATAGGAGAAATATCNCTGAATTCTTTTCTCAGCAAGGAATAACCCTGGGAAAANGAATGCATTCCCAGGNGNAGGTCTCTAAAATGGCNNCTCTGGGAGTGTCTGTCTTATGCAGTTGTAGATAAGGGATGAAATANGCCCTGGTCTCCTGCAGCNCCCNNAGGCTTGNTAGGATTNGGAAATTCCAGCCTGGNNNATTCTAGTCAGACNGGTTNTCTGNTCNCNAACCCTGTTTCCTGTTAAGATGTTTATCAATGACAATGTGTGCCCAGNNGGACATGGACCTTCATCAGTAATTCTAGTTTCNCCCTGGCCTTGTGATCTCACTCTGCCTCTCTGCNNTTGTGATATTTTANTGCCTTTGAANCATGNNNNNNNNNTGANCCACTCCCTATTNNTACACCCCTCCCCTTTTGAAANCNNTAATAAAAACTTGCTGGTTTTGNGGCTCANGGGGCATCANNGAACCTGCNNANATGTGATGTCNCCCCNNGANACCCAGCTNTAAAATTTCTNNNNNNNNNNNNNNNNNNNNNNNNNNNNNNNNNNNNNNNNNNNNNNNNNNNNNNNNNNNNNNNNNNNNNNNNNNNN,1061,915,0.8624,0.425136612,245 ,201 ,188 ,281,146,G3,11B_k,11B_c14,24
24,h|11B|N17|26,11B|N17|26,"Node17/99:MER11B(26,1)",86 48,86,48,0.00853596,48,NA,NA,107,11B_f,11B,f,N17,26,-,0,0.104,0.104,-,TGTTGCGGGAAGTCAGGGACCCCGAACGGAGGGACCNGCTGAAGCCACGGCAGAAGAACATAAATTGTGAAGATTTCATGGACATTTATTAGTTCCCCAAATTAATACTTTTATAATTTCTTANNCCTGTCTTTACTGCAATCTCTGAACATAAATTGTGAAGATTTCATGGACATTTATCACTTCCCCAATCAATACTCTTATAATTTCCTATGCCTGTCTTTACTTTAATCTCTTAATCCCGTCATCTTCATAAGCTGAGGATGTATGTCGCCTCAGGACCCTGTGATGATTGCGTTATCTGTACAAATTGTTTGTAAAACATGTGTGTTTGAACAATATGAAATCTGGGCATCCTAAAAGAACAGGATAACAGCGATTTTCAGGGAACAAGGGAGATAACCATAAAGTCTGACTGCCTGCNGGGCCGGGCAGAACAGAGTCATATTTCTCTTCTTGCAAAAGCGAATAGGAGAAATATCACTGAATTCTTTTTCTCAGCAAGGAACAGCCCTGGGAAAAGAATGCATTCCCAGGGGGAGGCCTCTAAAATGGCCGCTCTGGGAGTGTCTGTCTTATGCAGTTGTAGATAAGGGATGAAATACGCCCTGGTCTCCTGCAGCGCCCCCAGGCTTGCTAGGATTAGGAAATTCCAGCCTGGCGAAATTCTAGTCAGACCGGTTCTCTGCTCTTGAACCCTGTTTCCTGTTAAGATGTTTATCAATGACAATGCGTGCACAGNGGGACATGGAACCTCATTAGTAATTCTAATTTCGCCCTGGCCTTGTGATCTTGCTCTGCCCCCATTTGCCTTGTGATATTTTATTGCCTTTGAAGCATGTGATCTCTGTGACCCACACCCTATTCGTACACTCCCTCCCCTTTGAAAATCGCTAATAAAAACTTGCTGGTTTTGCGGCTCGGGGGCATCACGGAACCTGCCGACATGTGATGTCACCCCCGGAGACCCAGCTGTAAAATTTCTCTCTTTTGTACTCTTTCTCTTTATTTCTCAGACCGGCCGACACTTAGGGAAAATAGAAAAGAACCTACNTTGAAATATTGGGGGCTGGTTCCCCNGATA,1084,1077,0.9935,0.443825441,282 ,249 ,229 ,317,7,G3,11B_f,11B_c8,25
32,h|11B|N75|25,11B|N75|25,"Node75/99:MER11B(25,1)",119 47,119,47,0.00688087,47,NA,NA,106,11B_n,11B,n,N75,25,-,0,0.1,0.1,-,TGTTGCGGGAAGTCAGGGACCCCGAACGGAGGGACCGGCTGAAGCCATGGCAGAAGAACATAAATTGTGAAGATTTCATGGACATTTATTANTTCNCNAAATTNATACNNTNATAATTTCNNANNCCNGTNTTCATAAATTNTGAAGANTTNNNGNANATNTATCACTTCCCCAATCAATACTCTTATAATTTCCTATGCCTGTCTTTACTTTAATCTCTTAATCCCATCATCTTCATAAGCTGAGGATGTATGTCNCCTCAGGACCCTGTGATGATTGCGTTAACTGCACAAATTGTTCGTAAAGCATGTGTGTTTGAACAATATGAAATCTGGGCACCTTGAAAAAAGAACAGGATAACAGCGATGTTCAGGGAACAAGGGAGATAACCATTAGGTCTGACTGCCTGGGAGCCAGGCAGGACAGAGTCATATTTCTCTTATTNCCGAAAANGGGTAAGAGAAATATCGCTGAATTCTTTCCCCAGTAAGGAATATTAATAATTAACAGCCCTGGGAAAAGAATGCATTCCCAGGGGGAGGCCTCTAAAATGGCCGCTCTGGGAGTGTCTGCCTTATGCAGTTGTAGATAGGGATGAAACATGCCCTGGTCTCCTGCAGCGCCCCCAGGCTTGCTAGGATTAGGAAATTCCAGCCTGGNGAATTCTAGTCAGACNGGTTCTCTGCTCTTGAACCCTGTTTCCTGTTAAGATGTTTATCAATGACAATGCGTGCACAGTGGGACATGAAACTTCATCAGCAATTCTAGTTTCACCCTGGCCTTGTGACCTTGCCCTGCCCATTTGCCTTGTGATATTTTATTGCCTTTGAAGCATGTGATCTCTGTGACCCACACCCTATTCGTACACTCCCTCCCCTTTGAAAATCGCTAATAAAAACTTGCTGGTTTTGCGGCTCAGGGGGCATCACGGAACCTGCCGACATGTGATGTCTCCCCCGGACACCCAGCTTTAAAATTTCTCTCTTTTGTACTCTTTCCCTTTATTTCTCAGACCGGCCGACACTTAGGGAAAATAGAAAAGAACCTACNTTGAAATATTGGGGGCTGGTTCCCCNGATA,1080,1052,0.9741,0.44391635,282 ,242 ,225 ,303,28,G3,11B_n,11B_c9,26
36,h|11B|N92|10,11B|N92|10,"Node92/99:MER11B(10,1)",120 42,120,42,0.02625995,42,NA,NA,98,11B_r,11B,r,N92,10,-,0,0.04,0.04,-,TGTTGCGGGAAGTCAGGGACCCCGAACGGAGGGACCTGCTGAAGCCATGACAGAAGAACATAAATTGTGAAGATTTCATGGACATTTGTTAGTTCTCCAAATTAATACTTTTATAATTTCTTANNCCTGTCTTTACTGCAATCTCTGAACATAAATTGTGAAGATTTCATGGACATTTATCACTTCCCCAATCAATACTCTTATAATTTCCTATGCCTGTCTTTACTTTAATCTCTTAATCCCNTCATCTTCNTAANCTGAGGATGTATGTCGCCTCAGGACCCTGTGATGATTGCGTTAACTGCACAAATTGTTCNTAAAGCATGTGTGTTTGAACAATATGAAATCTGGGCACCTTGAAAAAAGAACAGGATAACAGCGATGTTCAGGGAACAAGGGAGATAACCATTAGGTCTGACTGCCTGGGAGCCAGGCAGGACAGAGCCATATTTCTCTTATTGCCAAAAACNGGTAAGAGAAATATTGCTGAATTCTTTCCCCAGTAAGGAATATTAATAATTAACAGCCCTGGGAAAAGAATGCATTCCCNNGGGGGGGCCTCTAAAATGGCCNCTCTGGGAGTGTCTGCCTTATGCAGTTGTAGATAGGGATGAAACACGCCCTAGTCTCCTGCAGCACCCCCAGGCTTATTAGGATTAGGAAATTCCTGCCTAGTAAATTTTAGTCAGACNNGTTGTCTGCTCTCAAACCCTGTTTCCTGATGTTTATCAATGACAATGCNTGCACAGCNGGACCGGGAACCTCATTAGTAATTCTAGTTTNNCCCTGGCCTTGTGACCTTGCCCTGCCCATTTGCCTTGTGATATTTTGTTGCCCTTGAAGCATGTGATCTCTGTGACCCACACCCTATTCNTACACTCCCTCCCCTTTGAAAATTGCTAATAAAAACTTGCTGGTTTTACGGCTCAGGGGGCATCACGGAACCTGCTGACATGTGATGTCTCCCCCAGACACCCAGCTTTAAAATTTCTCTCTTTTGTACTCTTTCCCTTTATTTCTCAGACTGGCCGACACTTAGGGAAAATAGAAAAGAACCTACGTTGAAATATNGGGGGCTGGTTCCCCNGANN,1091,1070,0.9808,0.435514019,286 ,248 ,218 ,318,21,G3,11B_r,11B_c18,27
33,h|11B|N79|31,11B|N79|31,"Node79/96:MER11B(31,1)",121 43,121,43,0.00067668,43,NA,NA,100,11B_o,11B,o,N79,31,-,0,0.124,0.124,-,TGTTGCGGGAAGTCAGGGACCCCGAACGGAGGGACCTGCTGAAGCCGTGACAGAAGAACATAAATTGTGAAGATTTCATGGACATGAANATAAANTNTGAAGATTTCATGGANATTTATCACTTCCCCAATCAATACTCTTATAATTTCCTATGCCTGTCTTTACTTTAATCTCTTAATCCCGTCATCTTCGTAAGCTGAGGATGTATGTCGCCTCAGGACCCTGTGATGATTGCGTTAACTGCACAAATTGTTCGTAAAGCATGTGTGTTTGAACAATATGAAATCTGGGCACCTTGAAAAAAGAACAGGATAACAGCGATGTTCAGGGAACAAGGGAGATAACCATTAGGTCTGACTGCCTGGGAGCCNGGCAGGACAGAGCCATATTTCTCTTATTACCGAAAANGGGTAAGAGAAATATCGCTGAATTCTTTCCCCAGTAAGGAATATTAATAATTAACAGCCCTGGGAAAAGAATGCATTCCCNGGGGGGGCCTCTAAAATGGCNGCTCTGGGGGTGTCTGCCTTATGCAGTTGCAGATAGGGATGAAACANGCCCTGGCCTCCTGCAGCGCCCCCAGGCTTGCTAGGATTAGGAAATTCCAGCCTGGCGAATTCTAGTCAGACCGGTTCTCTGCTCTTGAACCCTGTTAAGATGTTTATCAATGACAATGCGTGCACAGNGGGACATGGAACTTCATTAGTAATTCTAGTTTCNCCCTGACCTTGTGATCTCGCCCTGACCTTCTGCCTTGTGATCTTTTGTTGCCCTTGAAGCATGTGATCTCTGTGACCCACACCCTATTCGTACACTCCCTCCCCTTTGAAAATTGCTAATAAAAACTTGCTGGTTTTACGGCTCAGGGGGCATCACGGAACCTGCCGACATGTGATGTCTCCCCCGGACACCCAGCTTTAAAATTTCTCTCTTTTGTACTCTTTCCCTTTATTTCTCAGACCNGCCNACACTTAGGGAAAATAGAAAAGAACCTACGTTGAAATATNGGGGGCTGGTTCCCCNGATA,1027,1012,0.9854,0.458498024,267 ,237 ,227 ,281,15,G3,11B_o,11B_c5,28
51,h|11C|N18|13,11C|N18|13,"Node18/100:MER11C(13,1)",122 44,122,44,0.00294644,44,NA,NA,102,11C_o,11C,o,N18,13,-,0,0.052,0.052,-,TGTTGCGGGAAGTCAGGGACCCCGAACGGAGGGACCTGCTGAAGCCNTGACAGAAGAACATAAATTGTGAAGATTTCATGGACATTTATCACTTCCCCAATCAATACTCTTATAATTTCCTATGCCTGTCTTTACTTTAATCTCTTAATCCCNTCATCTTNGTAAGCTGAGGATGTATGTCGCCTCAGGACCCTGTGATGATTGCGTTAACTGCACAAATTGTTTGTAAAGCATGTGTGTTTGAACAATATGAAATCTGGGCACCTTAAGAACAGGATAACAGCGATTTTCAGGGAACAAGGGAGATAACCTTAAAGTCTGGCTGCCTGTGGGCCGGGCAGGACAGAGCCATATTTCTCTTATTACTGAAAANGGGTAAGAGAAATATCGCTGAATTCTTTCCCCAGTAAGGAATATTAATAATTAACAGCCCTGGGAAAAGAATGCATTCCCGGGGGGGCCTCTAAAATGGCCNCTCTGGGGGTGTCTGCCTTATGCAGTTGCAGATAAGGGATGAAACACGCCCTGGCCTCCTGCAGCGCCCCCAGGCTTGCTAGGATTAGGAAATTCCAGCCTGGCGAATTCTAGTCAGACNGGTTCTCTGCTCTTGAACCCTGTTAAGATGTTTATCAATGACAATGCGTGCACAGCGGGACATGGAAGTTCATTAGTGATTCTAGTTTCGCCCTGACCTTGTGATCTCGCCCTGACCTTCTGCCTTGTGATCTTTTGTTGCCCTTGAAGCATGTGATCTCTGTGACCCACACCCTATTCATACACTCCCTCCCCTTTGAAAATTGCTAATAAAAACTTGCTGGTTTTACGGCTCAGGGGGCATCACGGAACCTGCCGACATGTGATGTCTCCCCCGGACACCCAGCTTTAAAATTTCTCTCTTTTGTACTCTTTCCCTTTATTTCTCAGACCGGCCGACACTTAGGGAAAATAGAAAAGAACCTACGTTGAATTATCGGGGGNGGGTTCCCCCNATA,992,984,0.9919,0.464430894,250 ,235 ,222 ,277,8,G3,11C_o,11C_c19,29
35,h|11B|N80|33,11B|N80|33,"Node80/100:MER11B(33,1)",123 45,123,45,0.00424129,45,NA,NA,104,11B_q,11B,q,N80,33,-,0,0.132,0.132,g4,TGTTGNGGGAAGTCAGGGACCCCGAACGGAGGGACTGGCTGAAGCCATGGCAGAAGAACATAAATTGTGAAGATTTCATGGACATTTATTAGTTCCCCAAATTAATACTTTTATAATTTCTTANGCCTGTCTTTACTGCAATCTCTGAACATAAATTGTGAAGATTTCATGGACATTTATCACTTCCCCAATCAATACTCTTGTGATTTCCTATGCCTGTCTTTACTTTAATCTCTTAATCCCGTCATCTTCGTAAGCTGAGGATGTATGTCACCTCAGGACCCTGTGATGATTGCGTTAACTGCACAAATTGTTTGAACAATATGAAATCTGGGCACCTTAAGAACAGGATAACAGCGATTTTCAGGGAACAAGGGAGATAACCTTAAAGTCTGGCTGCCTGTGGGCCGGGCAGGACAGAGCCATATTTCTCTTATTACCGAAAACGGGTAAGAGAAATATCGCTGAATTCTTTCCCCAGTAAGGAATATTAATAATTAACAGCCCTGGGAAAAGAATGCATTCCCAGGGGGGCCTCTAAAATGGCCACCCTGGGAGTGTCTGCCTTATGCAGATGTAGATAGGGATGAAACACGCCCTAGTCTCCTGCAGCGCCCCCAGGCTTGCTAGGATTAGGAAATTCCAGCCTGGCNAATTCTAGTCAGACCGGTTCTCTGCTCTTGAACCCTGACAATGCGTGCACAGCNGGACATGGAAGTTCATTAGTGATTCTAGTTTCGCCCTGACCTTCTGCCTTGTGATCTTTTGTTGCCCTTGAAGCATGTGATCTCTGTGACCCACACCCTATTCGTACACTCCCTCCCCTTTGAAAATTGCTAATAAAAACTTGCTGGTTTTATGGCTCAGGGGGCATCACGGAACCTGCCGACATGTGATGTCTCCCCCGGACACCCAGCTTTAAAATTTCTCTCTTTTGTACTCTTTCCCTTTATTTCTCAGACCGGCCGACACTTAGGAAAATAGAAAAGAACCNACGTTGAATTATCGGGGGNNGGTTCCCC,1022,1015,0.9932,0.452216749,265 ,241 ,218 ,291,7,G3,11B_q,11B_c3,30
54,h|11C|N23|21,11C|N23|21,"Node23/100:MER11C(21,1)",123 46,123,46,0.00367479,46,NA,NA,105,11C_r,11C,r,N23,21,-,0,0.084,0.084,g4,TGTTGCGGGAAGTCAGGGACCCCGAACGGAGGGACCGGCTGAAGCCATGGCAGAAGAACATAAATTGTGAAGATTTCATGGACATTTATCACTTCCCCAATCAATACTCTTGTGATTTCCTATGCCTGTCTTTACTTTAATCTCTTAATCCCGTCATCTTCATAAGCTGAGGATGTATGTCGCCTCAGGACCCTGTGATGATTGCGTTAACTGCACAAATTGTTTGTAGAGCATGTGTGTTTNAACAATATGAAATCTGGGCACCTTAAGAACAGGATAACAGCGATTTTCAGGGAACAAGGGAGATAACCTTAAAGTCTGGCTGCCTGTGGGCNGGGCAGGACAGAGCCATATTTCTCTTATTACCGAAAATGGGTAAGAGAAATATCGCTGAATTCTTTCCCCAGTAAGGAATATTAATAATTAACAGCCCTGGGAAAAGAATGCATTCCCAGGGNGGGGCCTCTAAAATGGCCNCCCTGGGAGTGTCTGCCTTATGCAGATGTAGATAGGGATGAAACANGCCCTAGTCTCCTGCAGCACCCCCAGGCTTGCTAGGATTAGGAAATTCCAGCCTGGCGAATTCTAGTCAGACCNGTTCTCTGCTCTTGAACCCTGACAATGCGTGCACAGNGGGACATGGAAGTTCATTAGTGATTCTAGTTTCNCCCTGACCTTCTGCCTTGTGATCTTTTGTNGCCCTTGAAGCATGTGATCTCTGTGACCCACACCCTATTNGTNCACTCCCTCCCCTTTGAAAATTGCTAATAAAAACTTGCTGGTTTTACGGCTCAGGGGGCATCACGGAACCTGCCGACATGTGATGTCTCCCCCGGACACCCAGCTTTAAAATTTCTCTCTTTTGTACTCTTTCCCTTTATTTCTCAGACNGGCCGACACTTAGGGAAAATAGAAAAGNACCCANGTNGAATTATCGGGGGTGGNTTCCCCCNATA,956,939,0.9822,0.466453674,241 ,224 ,214 ,260,17,G3,11C_r,11C_c11,31
23,h|11B|N14|19,11B|N14|19,"Node14/97:MER11B(19,1)",88 41,88,41,0.01817515,41,NA,NA,95,11B_e,11B,e,N14,19,-,0,0.076,0.076,-,TGTTGCGGGAAGTCAGGGACCCCGAACGGAGGGACCGGCTGAAGCCATGGCAGAAGAACATAAATTGTGAAGATTTCATGGACATTTATTAGTTCCCCAAATTAATACTTTTATAATTTCTTATGCCTGTCTTTACTGCAATCTCTGAACATAAATTGTGAAGATTTCATGGACATTTATCACTTCCCCAATCAATACTCTTATAATTTCCTATGCCTGTCTTTANTTTAATCTCTTAATCCCATCATCTTCGTAAGCTGAGGATGTATGTCGCCTCAGGATCCTGTGATGATTGCGTTATCTGCACAAATTGTTTGTAGAGCATGTGTGTTTGAACAATATGAAATCTGGGCATCCAAAAGGAACAGGATGGCTGCGATTTTCAGGGAACAAGGGAGATAACCATTGGGCCTGACTGCCTGNGGGGCCGGACAGAACAGAGTCATATTTCTCTTCTTACAAAAGCGAATAGGAGAAATATCGCTGAATTCTTTTTCTCAGCAAGGAACAGCCCTGAGAAAGAGAATGCATTCCTAGGGGGAGGTCTCTAAAATGGCCGCTCTGGGAGTGTCTGTCTTATACNGTTGTAGATAAGGGATGAAATAAGCCCCGGTCTCCTGTAGCGCCCCCAGGCTTATTAGGATTAGGAAATTCCTGCCTAGTAAATTTTAGTCAGACCGGTTGTCTGCTCTCAAACCCTGTCTCCTGATAAGATGTTATCAATGANAATGCGTGCCCAGTGGGACATGAAACTTCATCAGCAATTCTAATTTCNCCCTGGTCCTGTGATCTCACTCTGCCCCCATTTGCCTTGTGATATTTTATTGCCCTTGAAGCATGTGATCTCTGTGACCCACACCCTATTCGTACACCCCTCCCCTTTTGAAATCCATAATAAAAACTTGCTGGTTTTGCNGCTCAGGGGGCATCACGGAACCTGCNGACATGTGATGTCTCCCCCGGACACCCAGCTTTAAAATTTCTCTCTTTTGTACTCTTTCCCTTTATTTCTCAGACCGGCCGACACTTAGGGAAAATAGAAAAGAACCTACGTTGAAATATTGGGGGCTGGTTCCCCNGATA,1083,1075,0.9926,0.440930233,281 ,246 ,228 ,320,8,G4,11B_e,11B_c12,32
21,h|11B|N11|33,11B|N11|33,"Node11/99:MER11B(33,1)",89 40,89,40,2.0141E-06,40,NA,NA,94,11B_c,11B,c,N11,33,-,0,0.132,0.132,-,TGTTGCGGGAAGTCAGGGACCCCGAANGGAGGGACCGGCTGAAGCCATGGCAGAAGAACATAAATTGTGAAGATTTCATGGACATTTATTAGTTCCCCAAATTAATACTTTTATAATTTCTTACNCCTGTCTTTACTGCAATCTCTGAACATAAATTGTGAAGATTTCATGGACATTTATCACTTCCCCAATCAATACTCTTGTGATTTCCTATGCCTGTCTTTACTTTAATCTCTTAATCCCGTCATCTTCGTAAGCTGAGGATGTATGTCGCCTCAGGACCCTGTGATGATTGCGTTAACTGCACAAATTGTTCGTAAAGCATGTGTGTTTAAACAATATGAAATCTGGGCACCTTGAAAAAAGAACAGGATAACAGCGATGTTCAGGGAACAAGGGAGATAACCATTAGGTCTGACTGCCTGAGAGCCGGGCGGAACAGAGCCATATTTCTCTTCTTACAAAAGCGAATAGGAGAAATATCNCTGAATTCTTTTTCTCAGCAAGGAACAGCCCTGAGAAAGAGAATGCNTTCCTAGGGGNAGGTCTCTAAAATGGCCNCTCTGGGAATGTCTGTCTTATACGGTTGNAGATAAGGGATGAAATAAGCCCCGGTCTCCCGTAGCGCTCCCAGGCCTATTAGGATGAGGAAATTCCTGCCTAGTAAATTTTAGTCAGACNGGTTGTCTGCTCTCAAACCCTGTCTCCTGATAAGATGTTATCAATGACAATGCGTGCCCGAAACTTCATTAGCAATTTTAATTTCGCCCCGGTCCTGTGATCTCGCTCTGCCCCCATTTGCCTTGTGATATTTTATTGCCTTGTGAAGCATGTGATCTCTGTGACCCACACCCTATTCNTACACTCCCTCCCCTTTGAAAATCACTAATAAAAACTTGCTGGTTTTGCGGCTTGGGGGGCATCACGGAACCTGCCGACATGTGATGTCTCCCCCGGACACCCAGCTTTAAAATTTCTCTCTTTTGTACTCTTTCCCTTTATTTCTCAGACCGGCCGACACTTAGGGAAAATAGAAAAGAACCTACNTTGAAATATNGGGGGTGGTTCCCC,1071,1060,0.9897,0.441509434,281 ,246 ,222 ,311,11,G4,11B_c,11B_c4,33
20,h|11B|N10|47,11B|N10|47,"Node10/96:MER11B(47,1)",90 39,90,39,0.0041119,39,NA,NA,93,11B_b,11B,b,N10,47,-,0,0.188,0.188,-,TGTTGCGGGAAGTCAGGGACCCCGAATGGAGGGACCGGCTGAAGCCATGGCAGAAGAACATAAATTGTGAAGATTTCATGGACATTTATTAGTTCCCCAAATTAATACTTTTATAATTTCTTACGCCTGTCTTTACTGCAATCTCTGAACATAAATTGTGAAGATTTCATGGACATTTATCACTTCCCCAATCAATACTCTTGTGATTTCCTATGCCTGTCTTTACTTTAATCTCTTAATCCCGTCATCTTCNTAAGCTGAGGATGTATGTCGCCTCAGGACCCTGTGATGATTGCGTTAACTGCACAAATTGTTTAAACAATATGAAATCTGGGCACCTTGAAAAAAGAACAGGATAACAGCGATGTTCAGGGAACAAGGGAGATAACCATTAGGTCTGGCTGCCTGAGAGCCGGGCGGAACAGAGCCATATTTCTCTTCTTTCAAAAGCAAATAGGAGAAATATCGCTGAATTCTTTTTCTCAGCAAGGAACAGCCCTGAGAAAGAGAATGCGTTCCTAGGGGTAGGTCTCTGAAATGGCCGCTCTGGGAATGTCTGTCTTTTACGGTTGNAGATAAGGGATGAAATAAGCCCCGGTCTCCCGTAGCGCTCCCAGGCCTATTAGGATGAGGAAATTCCCGCCTAATAAATTTTGGTCAGACCGGTTGTCTGCTCTCAAACCCTGTCTCCTGATAAGATGTTATCAATGACAATGCGTGCCCGAAACTTCATTAGCAATTTTAATTTCGCCCCGGTCCTGTGATCTCGCCCTGCCTCCATTTGCCTTGTAATATTTTATTACCTTGTGAAGCATGTGATCTCTGTGACCCACACCCTATTCGTACACTCCCTCCCCTTTGAAAATCACTAATAAAAACTTGCTGGTTTTGCGGCTTGGGGGGCATCACGGAACCTGCCGACATGTGATGTCTCCCCCGGACACCCAGCTTTAAAATTTCTCTCTTTTGTACTCTTTCCCTTTATTTCTCAGACNGGCCGACACTTAGGGAAATAGAAAAGAACCTANNTNACNTTGAATTATCGGGGGCGGGTTCCCCNGATA,1064,1056,0.9925,0.444128788,277 ,247 ,222 ,310,8,G4,11B_b,11B_c2,34
34,h|11B|N8|13,11B|N8|13,"Node8/100:MER11B(13,1)",91 38,91,38,0.00582755,38,NA,NA,92,11B_p,11B,p,N8,13,-,0,0.052,0.052,-,TGTTGCGGGAAGTCAGGGACCCNGAACGGAGGGACNGGCTGAAGCCATGGCAGAAGAACATAAATTGTGAAGATTTCATGGACATTTATTAGTTCCCCAAATTAATACTTTTATAATTTCTTACGCCTGTCTTTACTGCAATCTCTGAACATAAATTGTGAAGATTTCATGGACANTTATCACTTCCCCAATCAATACTCTTGTGATTTCCTATGCCTGTCTTTACTTTAATCTCTTAATCCCGTCATCTTCGTAAGCTGAGGATGNATGTCGCCTCAGGACCCTGTGATGATTGCGTTAACTGCACAAATTGTTTGAACAATATNAAATCTGGGCACCTTAAGAACAGGATAACAGCGATGTTCAGGGAACAAGGGAGATAACCTTAAAGTCTGGCTGCCTGTGGGCCGGGCGGAACAGAGCCATATTTCTCTTCTTTCAAAAGCAAATAGGAGAAATATCGCTGAATTCTTTTTCTCAGCAAGGAACAGCCCTGAGAAAGAGAATGCATGCCTAGGGGTAGGCCTCTAAAATGGCCGCTCTGGGGACGTCTGTCTTTTANGGTTGTAGATAAGGGATGAAATAAGCCCCGGTCTCCNGTAGNGCTCCCAGGCTTATTAGGACGAGGAAATTCCCACCTAATAAATTTTGGTCAGACCNGTTGTCTGCTCTCAAACCCTGTCTCCTGATAAGATGTTATCAATGACAATGNNTGCCNGAAACTTCATTAGCAATTTTAATTTCNCCCNGGTCCTGTGATCTNNCCCTGCCTCCATTTGCCTTGTGATATTTTATTACCTTGTGAAGCATGTGATCTCTGTGACCCACACCCTATTNNTACACTCCCTCCCCTTTTGAAAATCACTAATAAAAACTTGCTGGTTTTNCGGCTTNGGGGGCATCANNGAACCTGCCGACATGTGATGTCTCCCCNGGACACCCAGCTTTAAAATTTCTCTCTTNTGTACTCTTTCCCTTTATTTCTCAGACNNGCCNACACTTAGGGAAAATAGAAAAGNACCNACGTGAANTATCAGGGGCTGNTTCCCCCGATA,1055,1024,0.9706,0.438476563,272 ,239 ,210 ,303,31,G4,11B_p,11B_c16,35
31,h|11B|N7|29,11B|N7|29,"Node7/100:MER11B(29,1)",118 36,118,36,0.00461974,36,NA,NA,90,11B_m,11B,m,N7,29,-,0,0.116,0.116,-,TGTTGNGGGAAGTCAGGGACCCCGAACGGAGGGACCGGCTGAAGCCATGGCAGAAGAACATAAATTGTGAAGATTTCATGGACATTTATTAGTTCCCCAAATTAATACTTTTATAATTTCTTANGCCTGTCTTTACTGCAATCTCTGAACATAAATTGTGAAGATTTCATGGACACTTATCACTTCCCCAATCAATACTCTTGTGATTTCCTATGCCTGTCTTTACTTTAATCTCTTAATCCCNTCATCTTCNTAAGCTGAGGATGAATGTCGCCTCAGGACCCTGTGATGATTGCGTTAACTGCACAAATTGTTTAAACAATATGAAATCTGGGCACCTTGAAAAAAGAACAGGATAACAGCGATGTTCAGGGAACAAGGGAGATAACCTTAAAGTCTGGCTGCCTGTGGGCTGGGNGGAACAGAGCCATATTTCTCTTCTTTCAAAAGCAAATAGGAGAAATATCGCTGAATTCTTTTTCTCAGCAAGGAACATCCCTGAGAAAGAGAATGCNTTCCCAAGGGGAGGTCTCTAAAATGGCCGCTTTGGGAACGTCTGTCTTTTACGGTTGTAGATAAGGGATGAAATAAGCCCCGGTCTCCCGTAGCGCTCCCAGGCTTATTAGGANGAGGAAATTCCCGCCTAATAAATTTTGGTCAGACCGGTTGTCTGCTCTCAAACCCTGTCTCCTGATAAGATGTTATCAATGACAATGCGTGCCCGAAACTTCATTAGCAATTTTAATTTCGCCCCGGTCCTGTGATCTCGCCCTGCCTCCATTTGCCTTGTGATATTTTATTACCTTGTGAAGCATGTGATCTCTGTGACCCACACCCTATTCGTACACTCCCTCCCCTTTTGAAAATCACTAATAAAAACTTGCTGGTTTTGCGGCTTGGGGGGCATCACGGAACCTGCCGACATGTGATGTCTCCCCCGGACACCCAGCTTTAAAATTTCTCTCTTTTGTACTCTTTCCCTTTATTTCTCAGACCAGCCGACACTTAGGGAAAATAGAAAAGGACCCACGTGAAATATCGGGGGCTGNTTCCCCCGATA,1060,1052,0.9925,0.442965779,279 ,248 ,218 ,307,8,G4,11B_m,11B_c6,36
59,h|11C|N7|87,11C|N7|87,"Node7/98:MER11C(87,1)",118 37,118,37,0.000001,37,NA,NA,91,11C_x,11C,x,N7,87,-,0,0.348,0.348,-,TGTTGCGGGAAGTCAGGGACCCCNAACGGAGGGACCGGCTGAAGCCATGGCAGAAGAACATAAATTGTGAAGATTTCATGGACATTTATTAGTTCCCCAAATTAATANTTTTATAATTTCTTANNCCTGTCTTTACTGCAATCTCTGAACATAAATTGTGAAGATTTCATGGACANTTATCACTTCCCCAATCAATACTCTTGTGATTTCCTATGCCTGTCTTTACTTTAATCTCTTAATCCCNTCATCTTCNTAAGCTGAGGATGAATGTCGCCTCAGGACCCTGTGATGATTGCGTTAACTGCACAAATTGTTTAAACAATATGAAATCTGGGCACCTTGAAAAAAGAACAGGATAACAGCGATGTTCAGGGAACAAGGGAGATAACCNTNAAGTCTGGCTGCCTGTGNGCCNGGCGGAACAGAGCCATATTTCTCTTCTTTCAAAAGCAAATAGGAGAAATATCGCTGAATTCTTTTTCTCAGCAAGGAACATCCCTGAGAAAGAGAATGCNTTCCTANGGGGAGGNCTCTGAAATGGCCGCTTTGGGAACGTCTGTCTTTTACGGTTGTAGATAAGGGATGAAATAAGCCCCGGTCTCCCGTAGCGCTCCCAGGCTTATTAGGACGAGGAAATTCCCGCCTAATAAATTTTGGTCAGACCGGTTGTCTGCTCTCAAACCCTGTCTCCTGATAAGATGTTATCAATGACAATGCGTGCCCGAAACTTCATTAGCAATTTTAATTTCGCCCNGGTCCTGTGATCTCGCCCTGCCTCCATTTGCCTTGTGATATTTTATTACCTTGTGAAGCATGTGATCTCTGTGACCCACACCCTATTCGTACACTCCCTCCCCTTTTGAAAATCACTAATAAAAACTTGCTGGTTTTGCGGCTTGGGGGGCATCACGGAACCTGCCGACATGTGATGTCTCCCCCGGACACCCAGCTTTAAAATTTCTCTCTTTTGTACTCTTTCCCTTTATTTCTCAGACCGGCCGACACTTAGGGAAAATAGAAAAGNACCCACGTGAAATATCGGGGGNNNNTTCCCCNNATA,1060,1038,0.9792,0.442196532,275 ,246 ,213 ,304,22,G4,11C_x,11C_c2,37
22,h|11B|N133|14,11B|N133|14,"Node133/100:MER11B(14,1)",117 34,117,34,0.03623068,34,NA,NA,87,11B_d,11B,d,N133,14,-,0,0.056,0.056,-,TGTTGCNGGAAGTCAGGGACCCCAAACGGAGGGACTGGCTGAAGCCACAGCAGAAGAACATAAATTGTGAAGATTTCATGGACATTTATTAGTTCCCCAAATTAATACTTCTATAATTTCTTAGGCCTGTCNTTACTGCAATCTCTGAACATAAATTGTGAAGATTTCATGGACACTTATCACTTCCCCAATCAATACCCTTGTGATTTNCTATGCCTGTCTTTAATCTCTTAATCCGGTCATCTTCGTAAGCTGAGGATGAATGTCCCCGCAGGACCCTGTGATAATTGCGTTAACTGCACAAGTTGTTTAAACAATATGAAACCTGGGCACCTTGAAAAAAGAACAGGATAACAGCAATTTCAGGGAACAAGGGAGATAACCTTAAACTCTGGCTGCCTGTGGGCCGGGTNGAACAGAGCCATATTTCTCTTCTTTCAAAAGCAAATAGGAGAANTATTGCTGAATTCTTTTTCTCAGCAAAGAACATCCCTGAGAAAGAGAATGCATCCCTAAGGGGAGGCCTCTGAAATGGCCGCTTTGGGGACGGCTGTCTTTTACAGTCNTAGATAAGGGATGAAATAAGCCCTGGGTTCGCGTGGCGCTCCCAGGCTTATCAGGACAAGGAAATTCCCGCCTAATAAATNTTGGTCAGATGGGTTGTCTGCTCTCAAACCCTTTCTCCTGATAAGATGTTATCAATGACAATGCGNGCCCGAAACTTCATTAGCAATTTTAATTTCGCCCCGGTCCTGTGGTCCTGTGATCTTGCCCTGCCTCCATTTGCCTTGTGATATTTTATTACCTTGTGAAGCATGTGATCTCTGTGACCCACACCCTATTCGTACACTCCCTCNCCTTTTGAAAATCACTAATAAAAACTTGTTGGTTTTGCGGCTTGGGGGGCATCACGGAACCTGCCGACGTGTGATGTCTCCCCTGGACANCCAGCTTTAAAATTTCTCTCTTTTGTACTCTTTCCCTTTATTTCTCAGACTGGCTGACACTCAGGGAAAATAGAAAAGAACCTACATGAAATATCAGGGGTGAATTTCCCCCGATA,1063,1053,0.9906,0.439696106,284 ,244 ,219 ,306,10,G4,11B_d,11B_c15,38
30,h|11B|N6|24,11B|N6|24,"Node6/97:MER11B(24,1)",117 35,117,35,2.1706E-06,35,NA,NA,88,11B_l,11B,l,N6,24,-,0,0.096,0.096,-,TGTTGCGGGAAGTCAGGGACCCCGAACGGAGGGACCGGCTGAAGCCATGGCAGAAGAACATAAATTGTGAAGATTTCATGGACATTTATTAGTTCCCCAAATTAATACTTTTATAATTTCTTANGCCTGTCTTTACTGCAATCTCTGAACATAAATTGTGAAGATTTCATGGACACTTATCACTTCCCCAATCAATACCCTTGTGATTTCCTATGCCTGTCTTTACTTTAATCTCTTAATCCCNTCATCTTCGTAAGCTGAGGANGANGNATGTCACCTCAGGACCCTGTGATGATTGCGTTAACTGCACAAATTGTTTGAACAATATGAAATCTGGGCACCTTAAGAACAGGATAACAGCAATGTTCAGGGAACAAGGGAGATAACCTTAAANTCTGGCTGCCTGTGGGCCNGGCGGAACAGAGCCATATTTCTCTTCTTTCAAAAGCAAATAGGAGAAATATCGCTGAATTCTTTTTCTCAGCAAGGAACATCCCTGAGAAAGAGAATGCGTCCCTAAGGGGAGGCCTCTGAAATGGCCGCTTTGGGGACGGCTGTCTTTTACGGTNGTNGATAAGGGATGAAATAAGCCCCNGTCTCCCGTAGNNCTCCCAGGCTTATTAGGANGAGGAAATTCCNGCCTAATAAATTTTGGTCAGACNGGTTGTCTGCTCTCAAACCCTGTCTCCTGATAAGATGTTATCAATGACAATGCNTGCCCNAAACTTCATTAGCAATTTTAATTTNGCCCNGGTCCTGTGATCTCNCCCTGCCTCCATTTGCCTTGTGATATTTTATTACCTTGTGAAGCATGTGATCTCTGTGACCCACACCCTATTCGTACACTCCCTCCCCTTTTGAAAATCACTAATAAAAACTTGCTGGTTTTNCGGCTNNGGGGGCATCACGGAACCTGCCGACATGTGATGTCTCCCCCGGACACCCAGCTTTAAAATTTCTCTCTTTTGTACTCTNTCCCTTTATTTCTCAGACNNGCTGACACTTAGGGAAAATAGAAAAGAACCTACGTGAANTATCNGGGGTGANNTTCCCCCGATA,1059,1029,0.9717,0.442176871,273 ,244 ,211 ,301,30,G4,11B_l,11B_c10,39
53,h|11C|N2|10,11C|N2|10,"Node2/96:MER11C(10,1)",94 33,94,33,0.00871121,33,NA,NA,85,11C_q,11C,q,N2,10,-,0,0.04,0.04,g3,TGTTGNGGGAAGTCAGGGACCCNGAACGGAGGGACCAGCTGAAGCCATGGCAGAAGAACATAAATTGTGAAGATTTCATGGACATTTATTAGTTCCCCAAATTAATACTTTTATAATTTCTTANGCCTGTCTTTACTGCAATCTCTGAACATAAATTGTGAAGATTTCATGGACACTTATCACTTCCCCAATCAATACCCTTGTGATTTCCTATGCCTGTCTTTACTTTAATCTCTTAATCCCGTCATCTTCGTAAGCTGAGGAGGATGTATGTCACCTCAGGACCCTGTGATGATTGCNTTAACTGCACAAATTGTTTGTAGAGCATGTGTGTTTGAACAATATGAAATCTGGGCACCTTGAAAAAAGAACAGGATAACAGCAATGTTCAGGGAACAAGAGAGATAACCTTAAACTCTGACTGCCNGTGAGCTGGGCGGAACAGAGCCATATTTCTCTTCTTTCAAAAGCAAATGGGAGAAATATCGCTGAATTCTTTTTCTCAGCAAGGAACATCCCTGAGAAAGAGAATGCATCCCTGAGGGTAGGCCTCTGAAATGGCCGCTTTNGGGGTGGCTGTCTTTTANGGTCACAGCTGTAGGGATGAAATAAGCCCCAGTCTCCTGTAGCGCTCCCAGGCTTATTAGGANGAGGAAATTCCCNCCTAATAAATTTTGGTCAGACCNGTTGTCTGCTCTCAAACCCTGTCTCCTGATAAGATGTTATCAATGACAATGNNTGCCNGAAACTTCATTAGCAATTTTAATTTCNCCCCGGTCCTGTGGTCCTGTGATCTCGCCCTGCCTCCATTTACCTTGTGATATCTTATTACCTTGTGAAGCATGTGATCTCTGTGACCCACACCCTATTCGTACACTCCCTCCCCTTTTGAAAATCACTAATAAAAACTTGCTGGTTTTGCGGCTTGGGGGGCATCACGGAACCTGCCGACATGTGATGTCTCCCCCGGACACCCAGCTTTAAAATTTCTCTCTTTTGTACTCTGTCCCTTTATTTCTCAGACCGGCCGACACTTAGGGAAAATAGAAAAGAACCTACGTGAAATATCNGGG,1073,1058,0.986,0.439508507,282 ,246 ,219 ,311,15,G4,11C_q,11C_c26,40
28,h|11B|N5|73,11B|N5|73,"Node5/96:MER11B(73,1)",116 31,116,31,2.0759E-06,31,NA,NA,83,11B_j,11B,j,N5,73,-,0,0.292,0.292,g3,TGTTGNGGGAAGTCAGGGACCCCGAANGGAGGGACCGGCTGAAGCCATGGCAGAAGAACATAAATTGTGAAGATTTCATGGACATTTATTAGTTCCCCAAATTAATACTTTTATAATTTCTTACGCCTGTCTTTACTGCAATCTCTGAACATAAATTGTGAAGATTTCATGGACACTTATCACTTCCCCAATCAATACCCTTGTGATTTCCTATGCCTGTCTTTACTTTAATCTCTTAATCCCATCATCTTCGTAAGCTGAGGAGGATGTATGTCNCCTCAGGACCCTGTGATGATTGCGTTAACTGCACAAATTGTTTGTAGAGCATGTGTGTTTGAACAATATGAAATCTGGGCACCTTGAAAAAAGAACAGGATAACAGCAATGTTCAGGGAACAAGAGAGATAACCTTAAACTCTGACTGCCGGTGAGCCGGGNGGAACAGAGCCATATTTCTCTTCTTTCAAAAGCAAATGGGAGAAATATCGCTGAATTCTTTTTCTCAGCAAGGAACATCCCTGAGAAAGAGAATGCGTCCCTGAGGGTAGGCCTCTGAAATGGCCGCTTNGGGGGCGGCTGTCTTTTANGGTCGNAGCTGTAGGGATGAAATAAGCCCCAGTCTCCCGTAGCGCTCCCAGGCTTATTAGGANGAGGAAATTCCCNCCTAATAAATTTTGGTCAGACCGGTTGTCTGCTCTCAAACCCTGTCTCCTGATAAGATGTTATCAATGACAATGCGTGCCCGAAACTTCATTAGCAATTTTAATTTCGCCCCGGTCCTGTGGTCCTGTGATCTCGCCCTGCCTCCATTTGCCTTGTGATATNNTATTACCTTGTGAAGCATGTGATCTCTGTGACCCACACCCTATTCGTACACTCCCTCCCCTTTTGAAAATCACTAATAAAAACTTGCTGGTTTTANGGCTCAGGGGGCATCACGGAACCTGCCGACATGTGATGTCTCCCCCGGACACCCAGCTTTAAAATTTCTCTCTTTTGTACTCTGTCCCTTTATTTCTCAGACNGGCCGACACTTAGGGAAAATAGAAAAGAACCTACGTGANNTATCNNGGCCNNNNA,1080,1059,0.9806,0.448536355,279 ,250 ,225 ,305,21,G4,11B_j,11B_c1,41
37,h|11C|N1|148,11C|N1|148,"Node1/:MER11C(148,0.99)",116 32,116,32,0.000001,32,NA,NA,84,11C_a,11C,a,N1,148,MER11D,1,0.592,0.588,g3,TGTTGCGGGAAGTCAGGGACCCCGAANGGAGGGACCGGCTGAAGCCATGGCAGAAGAACATAAATTGTGAAGATTTCATGGACATTTATTAGTTCCCCAAATTAATACTTTTATAATTTCTTANGCCTGTCTTTACTGCAATCTCTGAACATAAATTGTGAAGATTTCATGGACACTTATCACTTCCCCAATCAATACCCTTGTGATTTCCTATGCCTGTCTTTACTTTAATCTCTTAATCCCNTCATCTTCGTAAGCTGAGGAGGATGTATGTCGCCTCAGGACCCTGTGATGATTGCGTTAACTGCACAAATTGTTTGTAGAGCATGTGTGTTTGAACAATATGAAATCTGGGCACCTTGAAAAAAGAACAGGATAACAGCAATGTTCAGGGAACAAGAGAGATAACCTTAAACTCTGACTGCCGGTGAGCCGGGCGGAACAGAGCCATATTTCTCTTCTTTCAAAAGCAAATGGGAGAAATATCGCTGAATTCTTTTTCTCAGCAAGGAACATCCCTGAGAAAGAGAATGCGTCCCTGAGGGTAGGCCTCTNAAATGGCCGCTTNNGGGGGCGGCNGTCTTTTATGGTCGNAGCTGTAGGGATGAAATAAGCCCCAGTCTCCCGTAGCGCTCCCAGGCTTATTAGGACGAGGAAATTCCCGCCTAATAAATTTTGGTCAGACCGGTTGTCTGCTCTCAAACCCTGTCTCCTGATAAGATGTTATCAATGACAATGCGTGCCCGAAACTTCATTAGCAATTTTAATTTCGCCCCGGTCCTGTGGTCCTGTGATCTCGCCCTGCCTCCATTTGCCTTGTGATATTNTATTACCTTGTGAAGCATGTGATCTCTGTGACCCACACCCTATTCGTACACTCCCTCCCCTTTTGAAAATCACTAATAAAAACTTGCTGGTTTTACGGCTCAGGGGGCATCACGGAACCTGCCGACATGTGATGTCTCCCCCGGACACCCAGCTTTAAAATTTCTCTCTTTTGTACTCTGTCCCTTTATTTCTCAGACCGGCCGACACTTAGGGAAAATAGAAAAGAACCTACGTGAAATATCGGGG,1074,1065,0.9916,0.450704225,279 ,252 ,228 ,306,9,G4,11C_a,11C_c1,42
60,h|11C|N86|11,11C|N86|11,"Node86/99:MER11C(11,1)",96 30,96,30,0.00458651,30,NA,NA,81,11C_y,11C,y,N86,11,-,0,0.044,0.044,g2,TGTTGTGGGAAGTCAGGGACCCCAAACGGAGGGACCGGCTGAAGCCATGGCAGAAGAACATAAATTGTGAAGATTTCATGGACATTTATTAGATCCCCAAATTAATACTTTTATAATTTCTTACGCCTGTCTTTACTGCAATCTCTGAACATAAATTGTGAAGATTTCATGGACACTTATCACTTCCCCAATCAATACCCTTGTGATTTCCTATGCCTGTCTTTACTTTAATCTCTTAATCCCGTCATTTTCGTAAGCTGAGGAGGATGTATGTCGCCTCAGGACCCTGTGATGATTGCGTTAACTGCACAAATTGTTTGTAGAGCATGTGTGTTTGAACAATATGAAATCTGGGCACCTTGAAAAAAGAACAGGATAACAGCAATGTTCAGGGAACAAGAGAGATAACCTTAAACTCTGACCGCCGGTGAGCCAGGCAGAACAGAGCCATATTTCTCTTCTTTCAAAAGCAAATGGGAGAAATATCGCTGAATTCTTTTTCTCAGCAAGGAACATCCCTGAGAAAGAGAATGCGTCCCTGAGGGTGGGCCTCTAAAATGGCCCCCTTGGGTGCGGCCGTCTTTTATGGTCGAGCTGTAGGGATGAAATAAGCCCCAGTCTCCCATAGCGCTCCCAGGCTTATTAGGACGAGGAAATTCCCGCCTAATAAATTTTTGGTCAGACCGGTTGTCTGCTCTCAAACCCTGTCTCCTGATAAGATGTTATCAATGACAATGCGTGCCCGAAACTTCATTAGCAATTTTAATTTCGCCCCGGTCCTGTGGTCCTGTGATCTCGCCCTGCCTCCATTTGCCTTGTGATATTCTATTACCTTGTGAAGCACGTGATCTCTGTGACCCACACCCTATTCGTACACTCCCTCCCCTTTGAAAATCACTAATAAAAACTTGCTGGTTTTGCGGCTTGTGGGGCATCACGGAACCTACCGACATGTGATGTCTCCCCCGGACGCCCAGCTTTAAAATTTCTCTCTTTTGTACTCTGTCCCTTTATTTCTCAAACTGGCNGANGCTTAGGGAAAATAGAAAAGAACCTACGTGAAATATCGGGG,1072,1070,0.9981,0.447663551,282 ,254 ,225 ,309,2,G4,11C_y,11C_c21,43
19,h|11B|N1|30,11B|N1|30,"Node1/:MER11B(30,0.93)",97 29,97,29,0.000001,29,NA,NA,80,11B_a,11B,a,N1,30,"MER11D,MER11B,MER11C",3,0.12,0.108,g2,TGTTGCGGGAAGTCAGGGACCCCAAACGGAGGGACCGGCTGAAGCCATGGCAGAAGAACATGAATTGTGAAGATTTCATGGACATTTATTAGTTCCCCAAATTAATACTTTTATAATTTCTTATGCCTGTCTTTACTGCAATCTCTGAACATAAATTGTGAAGATTTCATGGACACTTATCACTTCCCCAATCAATACCCTTGTGATTTCCTATGCCTGTCTTTACTTTAATCTCTTAATCCTGTCATTTTCGTAAGCTGAGGAGGATGTATGTCGCCTCAGGACCCTGTGATGATTGCGTTAACTGCACAAATTGTTTGTAGAGCATGTGTGTTTGAACAATATGAAATCTGGGCACCTTGAAAAAAGAACAGGATAACAGCAATGTTCAGGGAACAAGAGAGATAACCTTAAACTCTGACCGCCGGTGAGCCGGGNGGAACAGAGCCATATTTCTCTTCTTTCAAAAGCAAATGGGAGAAATATCGCTGAATTCTTTTTCTCAGCAAGGAACATCCCTGAGAAAGAGAATGCGTCCCTGAGGGTGGGCCTCTAAAATGGCCCCCTTGGGTGNGGCCGTCTTTTATGGTCGAGCTGTAGGGATGAAATAAGCCCCAGTCTCCCATAGCGCTCCCAGGCTTATTAGGANGAGGAAATTCCCGCCTAATAAATTTTTGGTCAGACCGGTTGTCTGCTCTCAAACCCTGTCTCCTGATAAGATGTTATCAATGACAATGCGTGCCCGAAACTTCATTAGCAATTTTAATTTCGCCCCNGTCCTGTGGTCCTGTGATCTCGCCCTGCCTCCATTTGCCTTGTGATATTCTATTACCTTGTGAAGCACGTGATCTCTGTGACCCACACCCTATTCGTACACTCCCTCCCCTTTTGAAAATCACTAATAAAAACTTGCTGGTTTTNCGGCTTGTGGGGCATCACGGAACCTACCGACATGTGATGTCTCCCCCGGANGCCCAGCTTTAAAATTTCTCTCTTTTGTACTCTGTCCCTTTATTTCTCAANCCGGCNGATGCTTAGGGAAAATAGAAAAGAACCTACGTGANNATNGGGGGCAGGTTCCCCGATA,1087,1076,0.9899,0.449814126,278 ,254 ,230 ,314,11,G4,11B_a,11B_c7,44
61,h|11C|N87|42,11C|N87|42,"Node87/99:MER11C(42,1)",98 28,98,28,0.00406247,28,NA,NA,79,11C_z,11C,z,N87,42,-,0,0.168,0.168,g1,TGTTGCGGGAAGTCAGGGACCCCNAACGGAGGGACCGGCTGAAGCCATGGCAGAAGAACGTGGATTGTGAAGATTTCATGGACATTTATTAGTTCCCCAAATTAATACTTTTATAATTTCTTATGCCTGTCTTTACTGCAATCTCTAAACATAAATTGTGAAGATTTCATGGACACTTATCACTTCCCCAATCAATACCCTTGTGATTTCCTATGCCTGTCTTTACTTTAATCTCTTAATCCTGTCATCTCGTAAGCTGAGGAGGATGTATGTCNCCTCAGGACCCTGTGATGATTGCGTTAACTGCACAAATTGTAGAGCATGTGTGTTTGAACAATATGAAATCTGGGCACCTTGAAAAAAGAACAGGATAACAGCAATGTTCAGGGAACAAGAGAGATAACCTTAAACTCTGACCGCCGGTGAGCCGGGCGGAACAGAGCCATATTTCTCTTCTTTCAAAAGCAAATGGGAGAAATATCGCTGAATTCTTTTTCTCAGCAAGGAACATCCCTGAGAAAGAGAATGCGCCCCTGAGGGTGGGCCTCTAAAATGGCCCCCTTGGGTGTGGCCGTCTTCTATGGTCGAGACTGTAGGGATGAAATAAGCCCCAGTCTCCCATAGCGCTCCCAGGCTTATTAGGACGAGGAAATTCCCGCCTAATAAATTTTGGTCAGACCGGTTGCTCTCAAACCCTGTCTCCTGATAAGATGTTATCAATGACAATGGTGCCCGAAACTTCATTAGCAATTTTAATTTCGCCCCGGTCCTGTGGTCCTGTGATCTCGCCCTGCCTCCATTTGCCTTGTGATATTCTATTACCTTGTGAAGCACGTGATCTCTGTGACCCACACCCTATTCGTACACTCCCTCCCCTTTTGAAAATCNCTAATAAAAACTTGCTGGTTTTACGGCTCAGGGGGCATCACGGAACCTACCGACATGTGATGTCTCCCCCGGATGCCCAGCTTTAAAATTTCTCTCTTTTGTACTCTGTCCCTTTATTTCTCAAACCGGCCGANGCTTAGGGAAAATAGAAAAGAACCTACGTGANTATCGGGG,1062,1057,0.9953,0.454115421,276 ,255 ,225 ,301,5,G4,11C_z,11C_c5,45
56,h|11C|N243|16,11C|N243|16,"Node243/98:MER11C(16,0.94)",99 10,99,10,0.00785178,10,NA,NA,45,11C_t,11C,t,N243,16,MER11B,1,0.064,0.06,g1,TGTTGCGGGAAGTCAGGGACCCCGAATGGAGGGACCGGCTGAAGCCATGGCAGAAGAACGTGGATTGTGAAGATTTCATGGACATTTATTAGTTCCCCAAATTAATACTTTTATAATTTCTTATGCCTGTCTTTACTGCAATCTCTAAACATAAATTGTGAAGATTTCATGGACACTTATCACTTCCCCAATCAATACCCTTGTGATTTCCTATGCCTGTCTTTACTTTAATCTCTTAATCCTGTCATCTCGTAAGCTGAGGAGGATGTATGTCGCCTCAGGACCCTGTGATGATTGCGTTAACTGCACAAATTGTAGAGCATGTGTGTTTGAACAATATGAAATCTGGGCACCTTGAAAAAAGAACAGGATAACAGCAATGTTCAGGGAACAAGAGAGATAACCTTAAACTCTGACCGCCGGTGAGCCGGGTGGAACAGAGCCATATTTCTCTTCTTTCAAAAGCAAATGGGAGAAATATCACTGAATTCTTTTTCTCAGCAAGGAACATCCCTGAGAAAGAGAATGCGCCCCTGAGGGTAGGCCTCTAAAATGGCCCCCTTGGGTGTGGCCGTCTTCTATGGTCGAAACTGTAGGGATGAAATAAGCCCCAGTCTCCCATAGTGCTCCCAGGCTTATTAGGANGAGGAAATTCCCGCCTAATAAATTTTGGTCAGACCGGTTGCTCTCAAACCCTGTCTCCTGATAAGATGTTATCAATGACAATGGTGCCCGAAACTTCATTAGCAATTTTAATTTTGCCCCGGTCCTGTGGTCCTGTGATCTCGCCCTGCCTCCATTTGCCTTGTGATATTCTATTACCTTGTGAAGCACGTGATCTCTGTGACCCACACCCTATTCGTACACTCCCTCCCCTTTTGAAAATCACTAATAAAAACTTGCTGGTTTTGCGGCTTGTGGGGCATCACGGAACCTACCGACATGTGATGTCTCCCCCGGACGCCCAGCTTTAAAATTTCTCTCTTTTGTACTCTGTCCCTTTATTTCTCAACCCGGCCGANGCTTAGGGAAAATAGAAAAGAACCTACGTGACTATCGGGGGCAGGTTCCCNNATA,1077,1073,0.9963,0.451071761,280 ,256 ,228 ,309,4,G4,11C_t,11C_c16,46
62,h|11C|N94|32,11C|N94|32,"Node94/97:MER11C(32,1)",100 27,100,27,2.0267E-06,27,NA,NA,78,11C_a2,11C,a2,N94,32,-,0,0.128,0.128,g1,TGTTGCGGGAAGTCAGGGACCCCAAACGGAGGGACCGGCTGAAGCCATGGCAGAAGAACGTGGATTGTGAAGATTTCATGGACATTTATTAGTTCCCCAAATTAATACTTTTATAATTTCTTATGCCTGTCTTTACTGCAATCTCTAAACATAAATTGTGAAGATTTCATGGACACTTATCACTTCCCCAATCAATACCCTTGTGATTTCCTATGCCTGTCTTTACTTTAATCTCTTAATCCTGTCAGCTGAGGAGGATGTATGTCNCCTCAGGACCCTGTGATAATTGCGTTAACTGCACAAATTGTAGAGCATGTGTGTTTGAACAATATGAAATCTGGGCACCTTGAAAAAAGAACAGGATAACAGCAATTGTTCAGGGAATAAGAGAGATAACCTTAAACTCTGACCGCCGGTGAGCCGGGNGGAACAGAGCCATATTTCTCTTCTTTCAAAAGCAAATGGGAGAAATATCGCTGAATTCTTTTTCTCAGCAAGGAACATCCCTGAGAAAGAGAATGCGCCCCTGAGGGTGGGTCTCTAAAATGGCCCCCTTGGGTGTGGCCGTCTTCTATGGTCGAAACTGTAGGGATGAAATAAACCCCAGTCTCCCATAGCGCTCCCAGGCTTATTAGGAAGAGGAAATTCCCGCCTAATAAATTTTGGTCAGACCGGTTGCTCTCAAACCCTGTCTCCTGATAAGATGTTATCAATGACAATGGTGCCCGAAACTTCATTAGCAATTTTAATTTCGCCCCGGTCCTGTGGTCCTGTGATCTCGCCCTGCCTCCATTTGCCTTGTGATATTCTATTACCTTGTGAAGTACGTGATCTCTGTGACCCACACCCTATTCGTACACTCCCTCCCCTTTTGAAAGTCCCTAATAAAAACTTGCTGGTTTTGCGGCTTGTGGGGCATCACGGAACCTACCGACATGTGATGTCTCCCCCGGATGCCCAGCTTTAAAATTTCTCTCTTTTGTACTCTGTCCCTTTATTTCTCAAACCGGCNGATGCTTAGGGAAAATAGAAAAGAACCTACGTGACTATCGGGGCAGGTTCCCNNATA,1069,1064,0.9953,0.448308271,279 ,252 ,225 ,308,5,G4,11C_a2,11C_c8,47
55,h|11C|N231|10,11C|N231|10,"Node231/96:MER11C(10,1)",101 26,101,26,0.02166744,26,NA,NA,77,11C_s,11C,s,N231,10,-,0,0.04,0.04,-,TGTTGNGGGAAGTCAGGGACCCCAAACGGAGGGACNGGCTGAAGCCATGGCAGAAGAATGTGGATTGTGAAGATTTCATGGACATTTATTAGTTCCCCAAATTAATACTTTTATAATTTCCTATGCCTGTCTTTACTGCAATCTCTAAACACAAATTGTGAAGATTTCATGGACACTTATCACTTCCCCAATCAATACCCTTGTGATTTCCTATGCCTGTCTTTACTTTAATCTCTTAATCCTGTCAGCTGAGGAGGATGTATGTCACCTCAGGACCCTGTGATAATTGCNTTAACTGCACAGATTGTAGAGCATGTGTGTTTGAACAATATGAAATCTGGGCACCTTGAAAAAAGAACAGGATAACAGCAATTGTTCAGGGAATAAGAGAGATAACCTTAAACTCTGACCACTGGTGAGCCNGGTGGAACAGAGCCATATTTCTCTTCTTTCAAAAGCAAATGGGAGAAATATCACTGAATTCTTTTTCTCAGCAAGGAACATCCCTGAGAAAGAGAATGCACCCCTGAGGGTGGGCCTATAAATGGCCNCCTTGGGTGTGGCCATCTTCTATGGTCAAAACTGTAGGGATGAAATAAACCCCAGTCTCCNGTAGNNCTCCCAGGCTTATTAGGAAGAGGAAATTCCTGCCTAATAAATTTTGGTCAGACCGGTTGCTCTCAAACCCTGTCTCCTGATAAGATGTTATCAATGACAATGGTGCCNGAAACTTCATTAGCAATTTTAATTTTGCCCCGGTCCTGTGGTCCTGTGATCTTGCCCTGNCTCCATTTGCCTTGTGATATTCTATTACCTTGTGAAGTACGTGATCTTTGTGACCCACACCCTATTCGTACACTCCCTCCCCTTTTGAAAGTCCCTAATAAAAACTTGCTGGTTTTGNGGCTTGGGGGGCATCANGGAACCTACTGACATGTGATGTCTCCCCTGGATGCCCAGCTTTAAAATTTCTCTCTTTTGTACTCTCTCCCTTTATTTCTCAAACCGGCNGACACTTAGGGAAAATAGAAAAGAACCTACNTGACTATCGGGGCAGGTTCCCCGATA,1068,1054,0.9869,0.434535104,284 ,240 ,218 ,312,14,G4,11C_s,11C_c27,48
63,h|11C|N98|47,11C|N98|47,"Node98/99:MER11C(47,1)",102 25,102,25,0.00273858,25,NA,NA,76,11C_b2,11C,b2,N98,47,-,0,0.188,0.188,-,TGTTGCGGGAAGTCAGGGACCCCAAACGGAGGGACCGGCTGAAGCCATGGCAGAAGAACGTGGATTGTGAAGATTTCATGGACATTTATTAGTTCCCCAAATTAATACTTTTATAATTTCTTATGCCTGTCTTTACTGCAATCTCTAAACATAAATTGTGAAGATTTCATGGACACTTATCACTTCCCCAATCAATACCCTTGTGATTTCCTATGCCTGTCTTTACTTTAATCTCTTAATCCTGTCATCTNNTAAGCCGAGGAGGATGTATGTCGCCTCAGGACCCTGTGATAATTGCNTTAACTGCACAAATTGTAGAGCATGTGTGTTTGAACAATATGAAATCTGGGCACCTTGAAAAAAGAACAGGATAACAGCAATGTTTAGGGAACAAGAGAGATAACCTTAAACTCTGACCGCCGGTGAGCCGGGCGGAACAGAGCCATATTTCTCTTCTTTCAAAAGCAAATGGGAGAAATATCGCTGAATTCTTTTTCTCAGCAAGGAACATCCCTGGGAAAGAGAATACGCGCCTGGGGGTGGGTCTATNAAATGGCCCCCCTGGGTGTGGCCGTCTTCTATGGTCGAGACTGTAGGGGTGAAATAGACCCCAGTCTCCCATAGCGCTCCCAGGCTTATTAGGAAGAGGAAATTCCCGCCTAATAAATTTTGGTCAGACCGGTTGCTCTCAAAACCCTGTCTCCTGATAAGATGTTATCAATGACAATGGTGCCCGAAACTTCATTAGCAATTTTAATTTCGCCCCGGTCCTGTGGTCCTGTGATCTCGCCCTGCCTCCATTTGCCTTGTGATATTCTATTACCTTGTGAAGTACGTGATCTCTGTGACCCACACCTATTCGTACACTCCCTCCCCTTTTGAAAGTCCCTAATAAAAACTTGCTGGTTTTGCGGCTTGTGGGGCATCACGGAACCTACCGACATGTGATGTCTCCCCCGGATGCCCAGCTTTAAAATTTCTCTCTTTTGTACTCTGTCCCTTTATTTCTCAAACCGGCCGACGCTTAGGGAAAATAGAAAAGAACCTACGTGACTATCGGGGCAGGTTCCCCGATA,1076,1072,0.9963,0.454291045,278 ,256 ,231 ,307,4,G4,11C_b2,11C_c3,49
39,h|11C|N103|15,11C|N103|15,"Node103/97:MER11C(15,1)",115 23,115,23,0.00640256,23,NA,NA,74,11C_c,11C,c,N103,15,-,0,0.06,0.06,-,TGTTGCGGGAAGTCAGGGACCCCAAACGGAGGGACCGGCTGAAGCCATGGCAGAAGAACATGGATTGTGAAGATTTCATGGACATTTATTAGTTCCCCAAATTAATACTTTTATAATTTCTTATGCCTGTCTTTACTGCAATCTCTAAACATAAATTGTGAAGATTTCATGGACACTTATCACTTCCCCAATCAATACCCTTGTGATTTCCTATGCCTGTCTTTACTTTAATCTCTTAATCCTGTCAGCTGAGGAAGATGTATGTCACCTCAGGACCATGTGATAATTGCATTAACTGCACAAATTGTAGAGCATGTGTGTTTGAACAATATGAAATCTGGGCACCTTGAAAAAAGAACAGGATAACAGCAATTGTTCAGGGAATAAGAGAGATAACCTTAAACTCTGACCGCCGGTGAGCCNGGCGGAACAGAGCCATATTTCTCTTCTTTCAAAAGCAAATGGGAGAAATATCGCTGAATTCTTTTTCTCAGCAAGGAACATCCCTGGGAAAGAGAATACGCGCCTGGGGGTATAGGCCTATAGACGGCCCCCCTGGGTGTGCCCGTCTTCTATGGTCTGTAGACTGTAGGGGTGAAATAGACCCCAGTCTCCCATAGCGCTCCCAGGCTTATTAGGAAGAGGAAATTCCCGCCTAATAAATTTTGGTCAGACCGGTTGCTCTCAAAACCCTGTCTCCTGATAAGATGTTATCAATGACAATGGTGCCCGAAACTTCATTAGCAATTTTAATTTCGCCCCGGTCCTGTGGTCCTGTGATCTCGCCCTGCCTCCATTTGCCTTGTGATATTCTATTACCTTGTGAAGTACTTGATGTCTGTGACCCACACCTATTCGCACACTCCCTCCCCTTTTGAAAATCCCTAATAAAAACTTGCTGGTTTTTGCGGCTTGTGGGGCATCACGGAACCTACCGACATGTGATGTCTCCCCCGGATGCCCAGCTTTAAAATTTCTCTCTTTTGTACTCTGTCCCTTTATTTCTCAAGCCGGCCGACGCTTAGGGAAAATAGAAAAGAACCTACGTGACTATCGGGGCAGGTTCCCCGATA,1073,1072,0.9991,0.449626866,282 ,256 ,226 ,308,1,G4,11C_c,11C_c17,50
38,h|11C|N102|18,11C|N102|18,"Node102/99:MER11C(18,1)",115 24,115,24,0.00715621,24,NA,NA,75,11C_b,11C,b,N102,18,-,0,0.072,0.072,-,TGTTGNGGGAAGTCAGGGACCCCAAANGGAGGGACCGGCTGAAGCCATGGCAGAAGAACGTGGATTGTGAAGATTTCATGGACATTTATTAGTTCCCCAAATTAATACTTTTATAATTTCTTATGCCTGTCTTTACTGCAATCTCTAAACATAAATTGTNAAGATTTCATGGACACTTATCACTTCCCCAATCAATACCCTTGTGATTTCCTATGCCTGTCTTTACTTTAATCTCTTAATCCTGTCAGCTGAGGAGGATGTATGTCGCCTCAGGACCNTGTGATAATTGCNTTAACTGCACAAATTGTAGAGCATGTGTGTTTGAACAATATGAAATCTGGGCACCTTGAAAAAAGAACAGGATAACAGCAATGTTCAGGGAATAAGAGAGATAACCTTAAACTCTGACCGCCGGTGAGCCGGGNGGAACAGAGCCATATTTCTCTTCTTTCAAAAGCAAATGGGAGAAATATCGCTGAATTCTTTTTCTCAGCAAGGAACATCCCTGGGAAAGAGAATACGCGCCTGGGGGTAGGTCTATAGATGGCCCCCCTGGGNGTGGCCGTCTTTTATGGTCTGTAGACTGTAGGGGTGAAATAGACCCCAGTCTCCCATAGCGCTCCCAGGCTTATTAGGAAGAAGAAATTCCCGCCTAATAAATTTTGGTCAGACCGGTTGCTCTCAAAACCCTGTCTCCTGATAAGATGTTATCAATGACAATGGTGCCCGAAACTTCATTAGCAATTTTAATTTCGCCCCGGTCCTGTGGTCCTGTGATCTCGCCCTGCCTCCATTTGCCTTGTGATATTCTATTACCTTGTGAAGTACTTGATGTCTGTGACCCACACCTATTCGTATACTCCCTCCCCTTTTGAAACTCCCTAATAAAAACTTGCTGGTTTTACGGCTTGTGGGGCATCACGGAACCTACCGACATGTGATGTCTCCCCCGGANGCCCAGCTTTAAAATTTCTCTCTTTTGTACTCTGTCCCTTTATTTCTCAAACNGGCCGATGCTTAGGGAAAATAGAAAAGAACCTACGTGACTATCGGGGCAGGTTCCCCGATA,1069,1060,0.9916,0.446226415,278 ,246 ,227 ,309,9,G4,11C_b,11C_c13,51
40,h|11C|N107|20,11C|N107|20,"Node107/100:MER11C(20,1)",114 21,114,21,0.00239258,21,NA,NA,71,11C_d,11C,d,N107,20,-,0,0.08,0.08,-,TGTTGCGGGAAGTCAGGGACCCCAAANGGAGGGACCGGCTGAAGCCATGGCAGAAGAACGTGGATTGTGAAGATTTCATGGACATTTATTAGTTCCCCAAATTAATACTTTTATAATTTCTTATGCCTGTCTTTACTGCAATCTCTAAACATAAATTGTAAAGATTTCATGGACACTTATCACTTCCCCAATCAATACCCTTGTGATTTCCTATGCCTGTCTTTACTTTAATCTCTTAATCCTGTCAGCTGAGGAGGATGTATGTCGCCTCAGGACCNTGTNATAATTGCATTAACTGCACAAATTGTACAGCATGTGTGTTTGAGCAATATGAAATCTGGGCACCTTGAAAAAAGAACAGGATAACAGCAATTGTTCAGGGAATAAGAGAGATAACCTTAAACTCTGACCGCCGGTGAGCCGGGCGGAACAGAGCCATATTTCTCTTCTTTCAAAAGCAAATGGGAGAAATATCGCTGAATTCTTTTTCTCAGCAAGGAACATCCCTGGGAAAGAGAATACGCGCCTGGAGGTATAGGCCTATAAACGGCCCCCCCAGGTGTGCCTGTCTCTTATGGTCGAGACTGCAGGGGTGAAATAGACCCCAGTCTCCCATAGCGCTCCCAGGCTTATTAGGAAGAGGAAATTCCCACCTAATAATTTTGGTCAGACCGGTTGCTCTCAAAACCCTGTCTCCTGATAAGATGTTATCAATGACAATGGTGCCCGAAACTTCATTAGCAATTTTAATTTCGCCNCGGTCCTGTGGTCCTGTGATCTCGCCCTGCCTCCACTTGCCTTGTGATATTCTATTACCTTGTAAAGTACTTGATGTCTGTGACCCACACCTATTCGCACACTCCCTCCCCTTTTGAAAATCCCTAATAAAAACTTGCTGGTTTTTGCGGCTTGTGGGGCATCACGGAACCTACCGACATGTGATGTCTCCCCCGGACGCCCAGCTTTAAAATTTCTCTCTTTTGTACTCTGTCCCTTTATTTCTCAAGCTGGCCGATGCTTAAGGAAAATAGAAAAGAACCTACGTGAATATCGGGGCAGGTTCCCCGATA,1070,1066,0.9963,0.447467167,284 ,255 ,222 ,305,4,G4,11C_d,11C_c12,52
41,h|11C|N108|38,11C|N108|38,"Node108/97:MER11C(38,1)",114 22,114,22,0.00438121,22,NA,NA,72,11C_e,11C,e,N108,38,-,0,0.152,0.152,-,TGTTGCGGGAAGTCAGGGACCCCAAACGGAGGGACCGGCTGAAGCCATGGCAGAAGAACGTGGATTGTGAAGATTTCATGGACATTTATTAGTTCCCCAAATTAATACTTTTATAATTTCTTATGCCTGTCTTTACTGCAATCTCTAAACATAAATTGTAAAGATTTCATGGACACTTATCACTTCCCCAATCAATACCCTTGTGATTTCCTATGCCTGTCTTTACTTTAATCTCTTAATCCTGTCAGCTGAGGAGGATGTATATCGCCTCAGGACCCTGTAATAATTGCATTAACTGCACAAATTGTACAGCATGTGTGTTTGAGCAATATGAAATNTGGGCACCTTGAAAAAAGAACAGGATAACAGCAATTGTTCAGGGAATAAGAGAGATAACCTTAAACTCTGACCGCCGGTGAGCCGGGCNGAACAGAGCCATATTTCTCTTCTTTCAAAAGCAAATGGGAGAAATATCGCTGAATTCTTTTTCTCAGCATGGAACATCCCTGNGAAAGAGAATACGCGCCTGGAGGTATAGGCTTATAAACAGCCCCCCAGGTGNNCCTGTCTCTTATGGTCGAGACTGCAGGGGTGAAATAGACCCCAGTCTCCCATAGCGCTCCCAGGCTTATTAGGAAGAGGAAATTCCCGCCTAATAAATTTTGGTCAGACCGGTTGATCTCAAAACCCTGTCTCCTGATAAGATGTTATCAATGACAATGGTGCCCGAAACTTCATTAGCAATTTTAATTTCGCCTCGGTCCTGTGGTCCTGTGATCTCGCCCTGCCTCCACTTGCCTTGTGATATTCTATTACCTTGTAAAGTACTTGATGTCTGTGACCCACACCTATTCGCACACTCCCTCCCCTTTTGAAAATCCCTAATAAAAACTTGCTGGTTTTTGNGGCTTGTGGGGCATCACGGAACCTACCGACATGTGATGTCTCCCCCGGACGCCCAGCTTTAAAATTTCTCTCTTTTGTACTCTGTCCCTTTATTTCTCAAGCTGGCCGACGCTTAAGGAAAATAGAAAAGAACCTACGTGAATATCGGGGCAGGTTCCCCGATA,1070,1064,0.9944,0.442669173,287 ,253 ,218 ,306,6,G4,11C_e,11C_c7,53
42,h|11C|N114|17,11C|N114|17,"Node114/96:MER11C(17,1)",105 20,105,20,0.00606937,20,NA,NA,69,11C_f,11C,f,N114,17,-,0,0.068,0.068,-,TGTTGCGGGAAGTCAGGGACCCCAAACGGAGGGACCGGCTGAAGCCATGGCAGAAGAACGTGGATTGTGAAGATTTCATGGACATTTATTAGTTCCCCAAATTAATACTTTTGTAATTTCTTATGCCTGTCTTTACTGCAATCTCTAAACATAAATTGTAAAGATTTCATGGACACTTATCACTTCCCCAATCAATACCCTTGTGATTTCCTATGCCTGTCTTTACTTTAATCTCTTAATCCTGTCAGCTGAGGAGGATGTATGTCACCTCAGGACCCTGTAATAATTGCATTAACTGCACAAATTGTACAGCATGTGTGTTTGAGCAATATGAAATCTGGGCACCTTGAAAAAAGAACAGGATAACAGCAATTGTTCAGGGAATAAGAGAGATAACCTTAAACTCTGACCGCCGGTGAGCCGGGCGGAACAGAGCCATATTTCTCTTCTTTCAAAAGCAAATGGGAGAAATATCGCTGAATTCTTTTTCTCAGCAAGGAACATCCCTGAGAAAGAGAATGCGCGCCTGGGGGTGGGTCTCTGAACTGGCCCCCCTGGGCGTGGCCATCTCTTATGGTCGAGACTGCAGGGGTGAAATAGACCCCAGTCTCCCATAGCGCTCCCAGGCTTATTAGGAAGAGGAAATTCCCGCCTAATAAATTTTGGTCAGACCGGTTGATCTCAAAACCCTGTCTCCTGATAAGATGTTATCAATGACAATGGTGCCCGAAACTTCATTAGCAATTTTAATTTCGCCCCGGTCCTGTGGTCCTGTGATCTCACCCTGCCTCCACTTGCCTTGTGATATTCTATTACCTTGTAAAGTACTTGATGTCTGTGACCCACACCTATTCGCACACTCCCTCCCCTTTTGAAAATCCCTAATAAAAACTTGCTGGTTTTTGTGGCTTGTGGGGCATCACGGAACCTACCGACATGTGATGTCTCCCCCGGATGCCCAGCTTTAAAATTTCTCTCTTTTGTACTCTGTCCCTTTATTTCTCAAGCTGGCCGATGCTTAAGGAAAATAGAAAAGAACCTACGTGAATATCGGGGCAGATTCCCCGATA,1070,1070,1,0.448598131,283 ,255 ,225 ,307,0,G4,11C_f,11C_c14,54
43,h|11C|N115|12,11C|N115|12,"Node115/98:MER11C(12,1)",106 11,106,11,0.00559391,11,NA,NA,53,11C_g,11C,g,N115,12,-,0,0.048,0.048,-,TGTTGNGGGAAGTCAGGGACCCCAAANGGAGGGACCNGCTGAAGCCATGGCAGAAGAACGTGGATTGTGAAGATTTCATGGACATTTATTAGTTCCCCAAATTAATACTTTTATAATTTCTTATGCCTGTCTTTACTGCAATCTCTAAACATAAATTGTAAAGATTTCATGGACACTTATCACTTCCCCAATCAATACCCTTGTGATTTCCTATGCCTGTCTTTACTTTAATCTCTTAATCCTGTCAGCTGAGGAGGATGTATATCGCCTCAGGACCCTGTAATAATTGCATTAACTGCACAAATTGTACAGCATGTGTGTTTGAGCAATATGAAATCTGGGCACCTTGAAAAAAGAACAGGATAACAGCAATGTTTAGGAAACAAGAGAGATAACCTTAAACTCTGACCNCCGGTGAGCCNGGNGGAACAGAGCCATATTTCTCTTCTTTCAAAAGCAAATGGGAGAAATATNGCTGAATTCTTTTTCTCAGCAAGGAACATCCCTGAGAAAGAGAATGCGCACCTGGGGGTGGGTCTCTGAACTGGCCCCCCTGGGCNTGGCCNTCTCTTATGGTNGAGACTGCAGGGGTGAAATAGACCCCAGTCTCCCATAGCACTCCCAGGCTTATTAGGAAGAGGAAATTCCCGCCTAATAAATTTTGGTCAGACCGGTTGATCTCAAAACCCTGTCTCCTGATAAGATGTTATCAATGACAATGGTGCCCGAAACTTCATTAGCAATTTTAATTTCNCCCCGGTCCTGTGGTCCTGTGATCTCGCCCTGCCTCCACTTGCCTTGTGATATTCTATTACCTTGTAAAGTACTTGATGTCTGTGACCCACACCTATTCGCACACTCCCTCCCCTTTTGAAACTCCCTAATAAAAACTTGCTGGTTTTTGCNGCTTGTGGGGCATCACGGAACCTACCGACATGTGATGTCTCCCCTGGATGCCCAGCTTTAAAATTTCTCTCTTTTGTACTCTGTCCCTTTATTTCTCAAGCTGGCCGACGCTTAAGGAAAATAGAAAAGAACCTACGTGAATATCGGGGCAGNTTCCCCGATA,1069,1056,0.9878,0.443181818,283 ,252 ,216 ,305,13,G4,11C_g,11C_c20,55
44,h|11C|N117|40,11C|N117|40,"Node117/100:MER11C(40,1)",107 12,107,12,0.00172175,12,NA,NA,55,11C_h,11C,h,N117,40,-,0,0.16,0.16,-,TGTTGCGGGAAGTCAGGGACCCCAAACGGAGGGACCGGCTGAAGCCATGGCAGAAGAACGTGGATTGTGAAGATTTCATGGACATTTATTAGTTCCCCAAATTAATACTTTTNTAATTTCTTATGCCTGTCTTTACTGCAATCTCTAAACATAAATTGTAAAGATTTCATGGACACTTATCACTTCCCCAATCAATACCCTTGTGATTTCCTATGCCTGTCTTTACTTTAATCTCTTAATCCTGTCAGCTGAGGAGGATGTATATCGCCTCAGGACCCTGTAATAATTGCATTAACTGCACAAATTGTACAGCATGTGTGTTTGAGCAATATGAAATGTGGGCACCTTGAAAAAAGAACAGGATAACAGCAATTGTTCAGGGAATAAGAGAGATAACCTTAAACTCTGACCGCCGGTGAGCCGGGCGGAACAGAGCCATATTTCTCTTCTTTCAAAAGCAAATGGGAGAAATATCGCTGAATTCTTTTTCTCAGCATGGAACATCCCTGAGAAAGAGAATGCGCACCTGGGGGTGGGTCTCTGAACTGGCCCCCCNGGGCGTGGTCGTCTCTTATGGTCGAGACTGCAGAGGTGAAATAGACTCCAGTCTCCCATAGCGCTCCCAGGCTTATTAGGAAGAGGAAATTCCCGCCTAATAAATTTTGGTCAGACCGGTTGATCTCAAAACCCTGTCTCCTGATAAGATGTTATCAATGACAATGGTGCCCGAAACTTCATTAGCAATTTTAATTTCGCCTCGGTCCTGTGGTCCTGTGATCTCGCCCTGCCTCCACTTGCCTTGTGATATTCTATTACCTTGTAAAGTACTTGATGTCTGTGACCCACACCTATTCGCACACTCCCTCCCCTTTTGAAACTCCCTAATAAAAACTTGCTGGTTTTTGTGGCTTGTGGGGCATCACGGAACCTACCGACATGTGATGTCTCCCCCGGANGCCCAGCTTTAAAATTTCTCTCTTTTGTACTCTGTCCCTTTATTTCTCAAGCTGGCCGACGCTTAGGGAAAATAGAAAAGAACCTACGTGAATATCGGGGCAGGTTCCCCGATA,1070,1067,0.9972,0.449859419,279 ,253 ,227 ,308,3,G4,11C_h,11C_c6,56
52,h|11C|N183|11,11C|N183|11,"Node183/99:MER11C(11,1)",108 19,108,19,0.01781813,19,NA,NA,68,11C_p,11C,p,N183,11,-,0,0.044,0.044,-,TGTTGCGGGAAGTCAGGGACCCCAAACGGAGGGACCGGCTGAAGCCATGGCAGAAGAACGTGGATTGTGAAGATTTTATGGACATTTATTAGTTCCCCAAATTAATACTTTTATAATTTCTTATGCCTGTCTTTACTGCAATCTCTAAACATAAGTTGTGAAGATTTCATGGACACTTATCACTTCCCCAATCAATACCCTTGTGATTTCCTATGCCTGTCTTTACTTTAATCTCTTAATCCTGTCAGCCGAGGAGGATGTATGTCGCCTCAGGACCATGTGATAATTGCATTAACTGCACAAATTGTAGAGCATGTGTGTTTAAACAATATGAAATCTGGGCACCTTGAAAAAAGAACAAGATAACAGCAATGTTTAGGAAACAAGAGAGATAACCTTAAACTCTGACCGCCGGTGAGCCGGGTGGAACAGAGCCATATTTCTCTTCTTTCAAAAGCAAATGGGAGAAATATCGCTGAATTCTTTTTCTCAGCATGGAACATCCCTGAGAAAGAGAATGTGCGCCTGCGGGTAGGTCTCTNAACTGGCCCCCCTGGGCGTAGCNGTCTCTTATGGTCGAGGCTGCAGAGATGAAATAGACTCCAGTCTCCCATAGCGCTCCCAGGCTTATTAGGAAGAGGAAATTCCCACCTAATAAATTTTGGTCAGACCNGTTGATCTCAAAACCCTGTCTCCTGATAAGATGTTATCAATGACAATGGTGCCCGAAACTTCATTAGCAATTTTAATTTCGCCTCGGTCCTGTGGTCCTGTGATCTCGCCCTGCCTCCACTTGCCTTGTGATATTCTATTACCCTGTTAAGTACTTGATGTCTGTCACCCACACCTATTCGCACACTCCCTCCCCTTTTGAAAATCTCTAATAAAAACTTGCTGGTTTTTGTGGCTTGTGGGGCATCACGGANCCTACCNACNTGTGATGTCTCCCCCGGANGCCCAGCTTTAAAATTTCTCTCTTTTGTACTCTGTCCCTTTATTTCTCAAGCCGGCCGACGCTTAGGAAAAATAGAAAAGAACCTACGTGAATATCGGGGCAGATTCCCCGATA,1069,1062,0.9935,0.442561205,283 ,252 ,218 ,309,7,G4,11C_p,11C_c22,57
45,h|11C|N118|45,11C|N118|45,"Node118/100:MER11C(45,1)",109 13,109,13,0.00652543,13,NA,NA,58,11C_i,11C,i,N118,45,MER11C,1,0.18,0.176,-,TGTTGCGGGAAGTCAGGGACCCCAAACNGAGGGACCGGCTGAAGCCATGGCAGAAGAACGTGGATTGTGAAGATTTTATGGACATTTATTAGTTCCCCAAATTAATACTTTTGTAATTTCTTATGCCTGTCTTTACTGCAATCTCTAAACATAAATTGTAAAGATTTCATGGACACTTATCACTTCCCCAATCAATACCCTTGTGATTTCCTATGCCTGTCTTTACTTTAATCTCTTAATCCTGTCAGCCGAGGAGGATGTATGTCGCCTCAGGACCATGTNATAATTGCATTAACTGCACAAATTGTACAGCATGTGTGTTTGAGCAATATGAAATGTGGGCACCTTGAAAAAAGAACAGGATAACAGCAATTGTTCAGGGAATAAGAGAGATAACCTTAAACTCTGACCGCCGGTGAGCCNGGCAGAACAGAGCCATATTTCTCTTCTTTCAAAAGCAAATGGGAGAAATATCGCTGAATTCTTTTTCTCAGCATGGAACNTCCCTGAGAAAGAGAATACGCACCTGGAGGTATNNGCTTATAAACAGCCCCCCNGGGNGTNNCCTGTCTCTTATGGTCGAGACTGCAGAGGTGAAATAGACTCCAGTCTCCCATAGCGCTCCCAGGCTTATTAGGAAGAGGAAATTCCCACCTAATAAATTTTGGTCAGACCGGTTGATCTCAAAACCCTGTCTCCTGATAAGATGTTATCAATGACAATGGTGCCCGAAACTTCATTAGCAATTTTAATTTCGCCTCGGTCCTGTGGTCCTGTGATCTCGCCCTGCCTCCACTTGCCTTGTGATATTCTATTACCCTGTTAAGTACTTGATGTCTGTCACCCACACCTATTCGCACACTCCCTCCCCTTTTGAAAATCCCTAATAAAAACTTGCTGGTTTTTGTGGCTTGTGGGGCATCACGGATCCTACCAACGTGTGATGTCTCCCCNGGANGCCCAGCTTTAAAATTTCTCTCTTTTGTACTCTGTCCCTTTATTTCTCAAGCCGGCCGACGCTTAGGAAAATAGAAAAGAACCTACGTGATTATCGGGGCAGGTCCCCCGATA,1071,1059,0.9888,0.441926346,283 ,253 ,215 ,308,12,G4,11C_i,11C_c4,58
46,h|11C|N119|16,11C|N119|16,"Node119/96:MER11C(16,1)",110 14,110,14,0.00580442,14,NA,NA,60,11C_j,11C,j,N119,16,-,0,0.064,0.064,-,TGTTGCNGGAAGTCAGGGACCCCAAACNGAGGGACCGGCTGAAGCCATGNCAGAAGAACGTGGATTGTGAAGATTTTATGGACATTTATTAGTTCCCCAAATTAATACTTTTGTAATTTCTTATGCCTGTCTTTACTGCAATCTCTAAACATAAATTGTAAAGATTTCATGGACACTTATCACTTCCCCAATCAATACCCTTGTGATTTCCTATGCCTGTCTTTACTTTAATCTCTTAATCCTGTCAGCCGAGGAGGATGTATGTCGCCTCAGGACTATGTGATAATTGCATTAACTGCACAAATTGTACAGCATGTGTGTTTGTGCAATATGAAATCTGAGCACCTTGAAAAAAGAACAGGATAACAGCAATTGTTCAGGGAATAAGAGAGATAACCTTAAACTCTGACCGCCGGTGAGCCGGGCAGAACAGAGCCATATTTCTCTTCTTTCAAAAGCAAATGGGAGAAATATCGCTGAATTCTTTTTCTCAGCATGGAACGTCCCTGAGAAAGAGAATGCGCACCTAGGGGTAGGTCTCTGAACTGGCCCCCCCGGGGCGTACCTGTCTCTTATGGTCGAGANTGCAGAGGTGAAATAGACTCCAGTCTCCCATAGCGCTCCCAGGCTTATTAGGAAGAGGAAATTCCCGCCTAATAAATTTTGGTCAGACCNGTTGATCTCAAAACCCTGTCTCCTGATAAGATGTTATCAATGACAATGGTGCCCGAAACTTCATTAGCAATTTTAATTTCGCCTCGGTCCTGTGGTCCTGTGATCTCGCCCTGCCTCCACTTGCCTTGTGATATTCTATTACCCTGTTAAGTACTTGATGTCTGTCACCCACACCTATTCGCACACTCCCTCCCCTTTTGAAAATCCCTAATAAAAACTTGCTGGTTTTTGTGGCTTGTGGGGCATCACGGATCCTACCAACGTGTGATGTCTCCCCCGGANGCCCAGCTTTAAAATTTCTCTCTTTTGTACTCTGTCCCTTTATTTCTCAAGCCAGCCGATGCTTAGGAAAATAGAAAAGAACCTACGTGATTTTCGGGGCAGGTCCCCNGA,1068,1061,0.9934,0.444863336,278 ,254 ,218 ,311,7,G4,11C_j,11C_c15,59
50,h|11C|N154|11,11C|N154|11,"Node154/100:MER11C(11,1)",111 18,111,18,0.00744107,18,NA,NA,67,11C_n,11C,n,N154,11,-,0,0.044,0.044,-,TGTTGCGGGAAGTCAGGGACCCCAAACGGAGGGACCGGCTGAAGCCATGGCAGAAGAACGTGGATTGTGAAGATTTTATGGACATTTATTAGTTCCCCAAATTAATACTTTTGTAATTTCTTATGCCTGTCTTTACTGCAATCTCTAAACATAAATTGTAAAGATTTCATGGACACTTATCACTTCCCCAATCAATACCCTTGTGATTTCCTATGCCTGTCTTTAATTTAATCTCTTAATCCTGTCAGTTGAGGAGGATGTATATCGTCTCAGGACCCTGTAATAATTGCGTTAACTACACAAATTGTACAGCATGTGTGTTTGAGCAATATGAAATGTGGGCACCCTGAAAAAAGAACAGGATAACAGCAATTGTTCAGGGAATAAGAGAGATAACCTTAAACTCTGACCGCCGGTGAGCCGGGCAGAACAGAGCCATATTTCTCTTCTTTCAAAAGCAAATGGGAGAAATATCGCTGAATTCTTTTTCTCAGCATGGGATATCCCTGAGAAAGAGAATGCGCACCTAGGGGTAGGTCTCTGAACTGGCCCCCCCGGGGCGTACCTGTCTCTTATGGTTGAGACTGCAGGGGTGAAATAAACTCCAGTCTCCCATAGCGCTCCCAGGCTTATTAGGAAGAGGAAATTCCCGCCTAATAAATTTTGGTCAGACCGGTTGATCTCAAAACCCTGTCTCCTGATAAGATGTTATCAATGACAATGGTGCCCGAAACTTCATTAGCAATTTTAATTTCGCCTCGGTCCTGTGGTCCTGTGATCTCGCCCTGCCTCCACTTGCCTTGTGATATTCTATTACCCTGTTAAGTACTTGATGTCTGTCACCCACACCTATTCGCACACTCCCTCCCCTTTTGAAAATCCCTAATAAAAACTTGCTGGTTTTTGTGGCTTGTGGGGCATCACGGATCCTACCAACGTGTGATGTCTCCCCCGGATGCCCAGCTTTAAAATTTCTCTCTTTTGTACTCTGTCCCTTTATTTCTCAAGCCAGCCGACGCTTAGGAAAATAGAAAAGAACCTACGTGATTTTCGGGGCAGGTCCCCCGA,1068,1068,1,0.444756554,280 ,253 ,222 ,313,0,G4,11C_n,11C_c23,60
49,h|11C|N147|14,11C|N147|14,"Node147/96:MER11C(14,1)",112 17,112,17,0.00578855,17,NA,NA,66,11C_m,11C,m,N147,14,-,0,0.056,0.056,-,TGTTGCGGGAAGTCAGGGACCCCAAACGGAGGGACCGGCTGAAGCCATGNCAGAAGAACGTGGATTGTGAAGATTTTATGGACATTTATTAGTTCCCCAAATTAATACTTTTGTAATTTCTTATGCCTGTCTTTACTGCAATCTCTAAACATAAATTGTAAAGATTTCATGGACACTTATCACTTCCCCAATCAATACCCTTGTGATTTCCTATGCCTGTCTTTACTTTAATCTCTTAATCCTGTCAGTTGAGGAGGATGTATATCGTTCCAGGACCCTGTAATAATTGCGTTAACTACAAAAATTGTACAGCATGTGTGTTTGAGCAATATGAAATGTGGGCACCCTGAAAAAAGAACAGGATAACAGCAATTGTTCAGGGAATAAGAGAGATAACCTTAAACTCTGACCGCCGGTGAGCCGGGCAGAACAGAGCCATATTTCTCTTCTTTCAAAAGCAAATGGGAGAAATATCGCTGAATTCTTTTTCTCAGCATGGAACGTCCCTGAGAAAGAGAATGCGCACCTAGGGGTAGGTCTCTGAACTGGCCCCCCCGGGGCGTACCTGTCTCTTATGGTCGAGATTGCAGAGGTGAAATAAACTCCAGTCTCCCATAGCGCTCCCAGGCTTATTAGGAAGAGGAAATTCCCACCTAATAAATTTTGGTCAGACCGGTTGATCTCAAAACCCTGTCTCCTGATAAGATGTTATCAATGACANTGGTGCCCNAAACTTCATTAGCAATTTTAATTTCGCCTCGGTCCTGTGGTCCTGTGATCTCGCCCTGCCTCCACTTGCCTTGTGATATTCTATTACCCTGTTAAGTACTTGATGTCTGTCACCCACACCTATTCGCACACTCCCTCCCCTTTTGAAAATCCCTAATAAAAACTTGCTGGTTTTTGTGGCTTGTGGGGCATCACGGATCCTACCAATGTGTGATGTCTCCCCCGGACGCCCAGCTTTAAAATTTCTCTCTTTTGTACTCTGTCCTTTTATTTCTCAAGCCAGCCGACGCTTAGGAAAATAGAAAAGAACCTACGTGATTATCGGGGCAGGTCCCCCGATA,1070,1067,0.9972,0.441424555,283 ,253 ,218 ,313,3,G4,11C_m,11C_c18,61
47,h|11C|N129|25,11C|N129|25,"Node129/99:MER11C(25,1)",113 15,113,15,0.000002245,15,NA,NA,64,11C_k,11C,k,N129,25,-,0,0.1,0.1,-,TGTTGCGGGAAGTCAGGGACCCCAAACGGAGGGACCGGCTGAAGCCATGACAGAAGAACGTGGATTGTGAAGATTTTATGGACATTTATTAGTTCCCCAAATTAATACTTTTGTAATTTCTTATGCCTGTCTTTACTGCAATCTCTAAACATAAATTGTAAAGATTTCATGGACACTTATCACTTCCCCAATCAATACCCTTGTGATTTCCTATGCCTGTCTTTNCTTTAATCTCTTAATCCTGTCAGCCGAGAAGGATGTATATCGTCTCAGGACCCTGTAATAATTGCGTTAACTACACAAATTGTACAGCATGTGTGTTTGAGCAATATGAAATGTGGGCACCCTGAAAAAAGAACAGGATAACAGCAATTGTTCAGGGAATAAGAGAGATAACCTTAAACTCTGACCGCCGGTGAGCCGGGCAGAACAGAGCCATATTTCTCTTCTTTCAAAAGCAAATGGGAGAAATATCGCTGAATTCTTTTTCTCAGCATGGAANGTCCCTGAGAAAGAGAATGCGCACCTAGGGGTAGGTCTCTGAACTGGCCCCCCCGGGGCGTACCTGTCTCTTATGGTCGAGATTGCAGAGGTGAAATAAACTCCAGTCTCCCATAGCGCTCCCAGGCTTATTAGGAAGAGGAAATTCCCGCCTAATAAATTTTGGTCAGACCGGTTGATCTCAAAACCCTGTCTCCTGATAAGATGTTATCAATGACAATGGTGCCCAAAACTTCATTAGCAATTTTAATTTCGCCTCNGTCCTGTGGTCCTGTGATCTCGCCCTGCCTCCACTTGCCTTGTGATATTCTATTACCCTGTTAAGTACTTGATGTCTGTCACCCACACCTATTCGTATACTCCCTCCCCTTTTGAAACTCCCTAATAAAAACTTGCTGGTTTTTGTGGCTTGTGGGGCATCACGGATCCTACCAACGTGTGATGTCTCCCCCGGACGCCCAGCTTTAAAATTTCTCTCTTTTGTACTCTGTCCTTTTATTTCTCAAGCCAGCCGACGCTTAGGAAAATAGAAAAGAACCTACGTGATTATCGGGGCAGGTCCCCCGATA,1070,1067,0.9972,0.442361762,283 ,255 ,217 ,312,3,G4,11C_k,11C_c9,62
48,h|11C|N135|25,11C|N135|25,"Node135/99:MER11C(25,1)",113 16,113,16,0.00736381,16,NA,NA,65,11C_l,11C,l,N135,25,-,0,0.1,0.1,-,TGTTGCGGGAAGTCAGGGACCCCAAACGGAGGGACCGGCTGAAGCCATGNCAGAAGAACGTGGATTGTGAAGATTTTATGGACATTTATTAGTTCCCCAAATTAATACTTTTGTAATTTCTTATGCCTGTCTTTACTGCAATCTCTAAACATAAATTGTAAAGATTTCATGGACACTTATCACTTCCCCAATCAATACCCTTGTGATTTCCTATGCCTGTCTTTACTTTAATCTCTTAATCCTGTCAGCCGAGAAGGATGTATATCGTCTCAGGACCCTGTAATAATTGCGTTAAGTACACAAATTGTACAGCATGTGTGTTTGAGCAATATGAAATGTGGGCACCCTGAAAAAAGAACAGGATAACAGCAATTGTTCAGGGAATAAGAGAGATAACCTTAAACTCTGACCGCCGGTGAGCCGGGCAGAACAGANCCATATTTCTCTTCTTTCAAAAGCAAATGGGAGAAATATCGCTGAATTCCTTTTCTCAGCATGGAACGTCCCTGAGAAAGAGAATGCGCACCTAGGGGTAGGTCTCTGAACTGGCCCCCCCGGGGCGTACCTGTCTCTTATGGTCGAGATTGCAGAGGTGAAATAAACTCCAGTCTCCCATAGCNCTCCCAGGCTTATTAGGAAGAGGAAATTCCCGCCTAATAAACTTTGGTCAGACCGGTTGATCTCAAAACCCTGTCTCCTGATAAGATGTTATCAATGACAATGGTGCCAAAACTTCATTAGCAATTTTAATTTCACTTCGGTCCTGTGGTCCTGTGATCTCGCCCTGTCTCCACTTGCCTTGTGATATTCTATTACCCTGTTAAGTACTTGATGTCTGTCACCCACACCTATTCGTATACTCCCTCCCCTTTTGAAACTCCCTAATAAAAACTTGCTGGTTTTTGTGGCTTGTGGGGCATCACGGATCCTACCAATGTGTGATGTCTCCCCCGGACGCCCAGCTTTAAAATTTCTCTCTTTTGTACTCTGTCCTTTTATTTCTCAAGCCAGTCGACGCTTAGGAAAATAGAAAAGAACCTACGTGATTATCGGGGCAGGTCCCCCGATA,1069,1066,0.9972,0.43902439,284 ,252 ,216 ,314,3,G4,11C_l,11C_c10,63