,subfamily,species,subfamily.species,Order,family.group,functional.group,family.cluster,subfamily2_1,subfamily2_2,Y.axis,family.count_200bp,subfamily.count_200bp,tree,treeOrder,Node_ID,liftover_count.macque,perC.macque,Subfamily_color,functional.group.original,instance.cluster.name,subfamily.cluster.order,functional.group.order,branch.length.ToKeptNode
1,MER9B_g1,hg19,h_MER9B_g1,1,G1,PG1,MER9a,MER9B,1,G1 PG1,38,28,Step21_hg19_G1_v1,4,Node4/96,21,0.75,#C082C8,FG2,MER9B_c1,10,1,0.03787128
2,MER9a3_g7,hg19,h_MER9a3_g7,2,G1,PG2,MER9a,MER9a3,7,G1 PG2,535,11,Step21_hg19_G1_v1,4,Node4/100,8,0.727272727,#B197D6,FG1,MER9a3_c7,10,2,0.092846688
3,MER9a3_g2,hg19,h_MER9a3_g2,3,G1,PG2,MER9a,MER9a3,2,G1 PG2,535,46,Step21_hg19_G1_v1,4,Node16/98,30,0.652173913,#D8CB75,FG1,MER9a3_c2,10,2,0.076964242
4,MER9a3_g6,hg19,h_MER9a3_g6,4,G1,PG2,MER9a,MER9a3,6,G1 PG2,535,13,Step21_hg19_G1_v1,4,Node139/96,6,0.461538462,#9BE659,FG3,MER9a3_c6,10,2,0.14287994
5,MER9a3_g5,hg19,h_MER9a3_g5,5,G1,PG2,MER9a,MER9a3,5,G1 PG2,535,15,Step21_hg19_G1_v1,4,Node28/99,10,0.666666667,#84CAD7,FG3,MER9a3_c5,10,2,0.116351697
6,MER9a3_g3,hg19,h_MER9a3_g3,6,G1,PG2,MER9a,MER9a3,3,G1 PG2,535,19,Step21_hg19_G1_v1,4,Node118/97,7,0.368421053,#D8D1C8,FG3,MER9a3_c3,10,2,0.115755612
7,MER9a3_g4,hg19,h_MER9a3_g4,7,G1,PG2,MER9a,MER9a3,4,G1 PG2,535,16,Step21_hg19_G1_v1,4,Node109/96,14,0.875,#BE56D5,FG3,MER9a3_c4,10,2,0.114339796
8,MER9a3_g1,hg19,h_MER9a3_g1,8,G1,PG2,MER9a,MER9a3,1,G1 PG2,535,396,Step21_hg19_G1_v1,4,Node13/99,257,0.648989899,#DB7D79,FG3,MER9a3_c1,10,2,0.10697498
9,MER9a2_g1,hg19,h_MER9a2_g1,9,G1,PG3,MER9a,MER9a2,1,G1 PG3,282,259,Step21_hg19_G1_v1,4,Node2/100,36,0.138996139,#B870D5,FG4,MER9a2_c1,10,3,0.147819795
10,MER9a2_g3,hg19,h_MER9a2_g3,10,G1,PG3,MER9a,MER9a2,3,G1 PG3,282,10,Step21_hg19_G1_v1,4,Node4/100,0,0,#A8CFD2,FG4,MER9a2_c3,10,3,0.198455871
11,MER9a2_g2,hg19,h_MER9a2_g2,11,G1,PG3,MER9a,MER9a2,2,G1 PG3,282,10,Step21_hg19_G1_v1,4,Node29/96,1,0.1,#DD9187,FG4,MER9a2_c2,10,3,0.154752497
12,MER9a1_g3,hg19,h_MER9a1_g3,12,G1,PG3,MER9a,MER9a1,3,G1 PG3,331,10,Step21_hg19_G1_v1,4,Node82/96,0,0,#DC9697,FG4,MER9a1_c3,10,3,0.154748637
13,MER9a1_g1,hg19,h_MER9a1_g1,13,G1,PG3,MER9a,MER9a1,1,G1 PG3,331,299,Step21_hg19_G1_v1,4,Node2/98,5,0.016722408,#A3D1D2,FG4,MER9a1_c1,10,3,0.168533925
14,MER9a1_g2,hg19,h_MER9a1_g2,14,G1,PG3,MER9a,MER9a1,2,G1 PG3,331,13,Step21_hg19_G1_v1,4,Node45/96,0,0,#B6DB77,FG4,MER9a1_c2,10,3,0.17800573
15,LTR14_g1,hg19,h_LTR14_g1,4,G10,PG1,LTR14,LTR14,1,G10 PG1,85,70,Step21_hg19_G10_v1,1,Node1/,50,0.714285714,#C082C8,FG1,LTR14_c1,15,1,0.006792264
16,LTR14_g2,hg19,h_LTR14_g2,3,G10,PG1,LTR14,LTR14,2,G10 PG1,85,15,Step21_hg19_G10_v1,1,Node9/98,2,0.133333333,#B7D3A2,FG1,LTR14_c2,15,1,0.025309718
17,LTR14C_g1,hg19,h_LTR14C_g1,1,G10,PG2,LTR14,LTR14C,1,G10 PG2,127,92,Step21_hg19_G10_v1,1,Node3/100,39,0.423913043,#BF6DCD,FG2,LTR14C_c1,15,2,0.355274766
18,LTR14C_g2,hg19,h_LTR14C_g2,2,G10,PG2,LTR14,LTR14C,2,G10 PG2,127,28,Step21_hg19_G10_v1,1,Node6/96,6,0.214285714,#B4D97F,FG2,LTR14C_c2,15,2,0.355123076
19,LTR14B_g6,hg19,h_LTR14B_g6,1,G11,PG1,LTR14A,LTR14B,6,G11 PG1,318,11,Step21_hg19_G11_v1,3,Node103/100,8,0.727272727,#D7CFBC,FG1,LTR14B_c6,11,1,0.046395144
20,LTR14B_g5,hg19,h_LTR14B_g5,2,G11,PG1,LTR14A,LTR14B,5,G11 PG1,318,13,Step21_hg19_G11_v1,3,Node116/99,5,0.384615385,#818ED6,FG1,LTR14B_c5,11,1,0.040205182
21,LTR14B_g8,hg19,h_LTR14B_g8,3,G11,PG1,LTR14A,LTR14B,8,G11 PG1,318,10,Step21_hg19_G11_v1,3,Node87/98,3,0.3,#8BE65D,FG1,LTR14B_c8,11,1,0.044543432
22,LTR14B_g4,hg19,h_LTR14B_g4,4,G11,PG2,LTR14A,LTR14B,4,G11 PG2,318,26,Step21_hg19_G11_v1,3,Node3/99,19,0.730769231,#DA7360,FG1,LTR14B_c4,11,2,0.058939275
23,LTR14B_g7,hg19,h_LTR14B_g7,5,G11,PG2,LTR14A,LTR14B,7,G11 PG2,318,10,Step21_hg19_G11_v1,3,Node66/98,3,0.3,#8BCDD9,FG1,LTR14B_c7,11,2,0.132477224
24,LTR14A_g2,hg19,h_LTR14A_g2,6,G11,PG2,LTR14A,LTR14A,2,G11 PG2,127,26,Step21_hg19_G11_v1,3,Node6/100,18,0.692307692,#BBBFC2,FG1,LTR14A_c2,11,2,0.076253713
25,LTR14A_g1,hg19,h_LTR14A_g1,7,G11,PG2,LTR14A,LTR14A,1,G11 PG2,127,90,Step21_hg19_G11_v1,3,Node1/,44,0.488888889,#B4D97F,FG2,LTR14A_c1,11,2,0.110251195
26,LTR14A_g3,hg19,h_LTR14A_g3,8,G11,PG2,LTR14A,LTR14A,3,G11 PG2,127,11,Step21_hg19_G11_v1,3,Node24/100,1,0.090909091,#BF6DCD,FG2,LTR14A_c3,11,2,0.172236045
27,LTR14B_g1,hg19,h_LTR14B_g1,9,G11,PG2,LTR14A,LTR14B,1,G11 PG2,318,95,Step21_hg19_G11_v1,3,Node9/96,66,0.694736842,#D7CF6C,FG3,LTR14B_c1,11,2,0.114943556
28,LTR14B_g2,hg19,h_LTR14B_g2,10,G11,PG3,LTR14A,LTR14B,2,G11 PG3,318,52,Step21_hg19_G11_v1,3,Node10/97,36,0.692307692,#8AE2B1,FG4,LTR14B_c2,11,3,0.157363995
29,LTR14B_g3,hg19,h_LTR14B_g3,11,G11,PG3,LTR14A,LTR14B,3,G11 PG3,318,37,Step21_hg19_G11_v1,3,Node16/99,29,0.783783784,#BE56D6,FG4,LTR14B_c3,11,3,0.144079622
30,LTR17_g3,hg19,h_LTR17_g3,1,G12,PG1,LTR17,LTR17,3,G12 PG1,771,67,Step21_hg19_G12_v1,18,Node1/,52,0.776119403,#6AE1A4,FG3,LTR17_c3,12,1,1.1352E-06
31,LTR17_g11,hg19,h_LTR17_g11,2,G12,PG1,LTR17,LTR17,11,G12 PG1,771,15,Step21_hg19_G12_v1,18,Node164/99,12,0.8,#8EAFDE,FG3,LTR17_c11,12,1,0.003443911
32,LTR17_g10,hg19,h_LTR17_g10,3,G12,PG1,LTR17,LTR17,10,G12 PG1,771,18,Step21_hg19_G12_v1,18,Node2/97,15,0.833333333,#DCD8D2,FG3,LTR17_c10,12,1,0.013995634
33,LTR17_g2,hg19,h_LTR17_g2,4,G12,PG1,LTR17,LTR17,2,G12 PG1,771,137,Step21_hg19_G12_v1,18,Node7/98,99,0.722627737,#C8DFA5,FG3,LTR17_c2,12,1,0.013363491
34,LTR17_g8,hg19,h_LTR17_g8,5,G12,PG2,LTR17,LTR17,8,G12 PG2,771,23,Step21_hg19_G12_v1,18,Node119/99,19,0.826086957,#DA5F5E,FG2,LTR17_c8,12,2,0.036986632
35,LTR17_g4,hg19,h_LTR17_g4,6,G12,PG2,LTR17,LTR17,4,G12 PG2,771,53,Step21_hg19_G12_v1,18,Node8/99,39,0.735849057,#85E1DF,FG2,LTR17_c4,12,2,0.037291883
36,LTR17_g1,hg19,h_LTR17_g1,7,G12,PG3,LTR17,LTR17,1,G12 PG3,771,275,Step21_hg19_G12_v1,18,Node10/100,125,0.454545455,#7DE655,FG2,LTR17_c1,12,3,0.058823115
37,LTR17_g6,hg19,h_LTR17_g6,8,G12,PG3,LTR17,LTR17,6,G12 PG3,771,38,Step21_hg19_G12_v1,18,Node59/98,22,0.578947368,#8679D8,FG2,LTR17_c6,12,3,0.069878816
38,LTR17_g9,hg19,h_LTR17_g9,9,G12,PG3,LTR17,LTR17,9,G12 PG3,771,23,Step21_hg19_G12_v1,18,Node70/96,7,0.304347826,#DCA3C6,FG2,LTR17_c9,12,3,0.060181335
39,LTR17_g12,hg19,h_LTR17_g12,10,G12,PG3,LTR17,LTR17,12,G12 PG3,771,15,Step21_hg19_G12_v1,18,Node48/98,1,0.066666667,#B345E3,FG1,LTR17_c12,12,3,0.067636023
40,LTR17_g5,hg19,h_LTR17_g5,11,G12,PG3,LTR17,LTR17,5,G12 PG3,771,52,Step21_hg19_G12_v1,18,Node31/99,1,0.019230769,#D9A464,FG1,LTR17_c5,12,3,0.060713684
41,LTR17_g7,hg19,h_LTR17_g7,12,G12,PG3,LTR17,LTR17,7,G12 PG3,771,35,Step21_hg19_G12_v1,18,Node12/96,0,0,#D5DE62,FG1,LTR17_c7,12,3,0.061503575
42,LTR17_g13,hg19,h_LTR17_g13,13,G12,PG3,LTR17,LTR17,13,G12 PG3,771,10,Step21_hg19_G12_v1,18,Node17/97,0,0,#79928D,FG1,LTR17_c13,12,3,0.076156851
43,LTR22A_g1,hg19,h_LTR22A_g1,1,G13,PG1,LTR22,LTR22A,1,G13 PG1,172,63,Step21_hg19_G13_v1,1,Node22/98,49,0.777777778,#AFA1D6,FG1,LTR22A_c1,3,1,2.1747E-06
44,LTR22A_g3,hg19,h_LTR22A_g3,2,G13,PG1,LTR22,LTR22A,3,G13 PG1,172,37,Step21_hg19_G13_v1,1,Node21/96,23,0.621621622,#A3D9CE,FG1,LTR22A_c3,3,1,0.042947999
45,LTR22A_g2,hg19,h_LTR22A_g2,3,G13,PG1,LTR22,LTR22A,2,G13 PG1,172,37,Step21_hg19_G13_v1,1,Node17/99,28,0.756756757,#86E471,FG1,LTR22A_c2,3,1,0.086505036
46,LTR22A_g5,hg19,h_LTR22A_g5,4,G13,PG2,LTR22,LTR22A,5,G13 PG2,172,11,Step21_hg19_G13_v1,1,Node8/97,5,0.454545455,#BF5AD5,FG1,LTR22A_c5,3,2,0.248620754
47,LTR22A_g4,hg19,h_LTR22A_g4,5,G13,PG2,LTR22,LTR22A,4,G13 PG2,172,14,Step21_hg19_G13_v1,1,Node1/,13,0.928571429,#D6D07B,FG1,LTR22A_c4,3,2,0.233554411
48,LTR22C_g1,hg19,h_LTR22C_g1,6,G13,PG3,LTR22,LTR22C,1,G13 PG3,368,89,Step21_hg19_G13_v1,1,Node109/96,52,0.584269663,#D6A448,FG2,LTR22C_c1,3,3,0.353295771
49,LTR22C_g10,hg19,h_LTR22C_g10,7,G13,PG3,LTR22,LTR22C,10,G13 PG3,368,11,Step21_hg19_G13_v1,1,Node168/97,7,0.636363636,#D95D5B,FG3,LTR22C_c10,3,3,0.429728444
50,LTR22C_g7,hg19,h_LTR22C_g7,8,G13,PG3,LTR22,LTR22C,7,G13 PG3,368,12,Step21_hg19_G13_v1,1,Node158/100,8,0.666666667,#76DC80,FG3,LTR22C_c7,3,3,0.42579538
51,LTR22C_g15,hg19,h_LTR22C_g15,9,G13,PG3,LTR22,LTR22C,15,G13 PG3,368,10,Step21_hg19_G13_v1,1,Node151/99,10,1,#7EDFE2,FG3,LTR22C_c15,3,3,0.455564448
52,LTR22C_g3,hg19,h_LTR22C_g3,10,G13,PG3,LTR22,LTR22C,3,G13 PG3,368,28,Step21_hg19_G13_v1,1,Node139/97,22,0.785714286,#DBACD4,FG3,LTR22C_c3,3,3,0.442793603
53,LTR22C_g9,hg19,h_LTR22C_g9,11,G13,PG3,LTR22,LTR22C,9,G13 PG3,368,11,Step21_hg19_G13_v1,1,Node141/97,8,0.727272727,#D976C5,FG3,LTR22C_c9,3,3,0.462959091
54,LTR22C_g4,hg19,h_LTR22C_g4,12,G13,PG3,LTR22,LTR22C,4,G13 PG3,368,21,Step21_hg19_G13_v1,1,Node94/100,12,0.571428571,#77EB42,FG3,LTR22C_c4,3,3,0.430620345
55,LTR22C_g13,hg19,h_LTR22C_g13,13,G13,PG4,LTR22,LTR22C,13,G13 PG4,368,11,Step21_hg19_G13_v1,1,Node77/100,8,0.727272727,#C2E6BD,FG4,LTR22C_c13,3,4,0.542903628
56,LTR22C_g17,hg19,h_LTR22C_g17,14,G13,PG4,LTR22,LTR22C,17,G13 PG4,368,10,Step21_hg19_G13_v1,1,Node71/99,6,0.6,#E1AC9A,FG4,LTR22C_c17,3,4,0.578663957
57,LTR22C_g16,hg19,h_LTR22C_g16,15,G13,PG4,LTR22,LTR22C,16,G13 PG4,368,10,Step21_hg19_G13_v1,1,Node51/100,0,0,#5EE1BA,FG4,LTR22C_c16,3,4,0.655054105
58,LTR22C_g14,hg19,h_LTR22C_g14,16,G13,PG4,LTR22,LTR22C,14,G13 PG4,368,11,Step21_hg19_G13_v1,1,Node84/100,9,0.818181818,#81B1DE,FG4,LTR22C_c14,3,4,0.576159076
59,LTR22C_g8,hg19,h_LTR22C_g8,17,G13,PG4,LTR22,LTR22C,8,G13 PG4,368,12,Step21_hg19_G13_v1,1,Node89/99,7,0.583333333,#784ADE,FG4,LTR22C_c8,3,4,0.595161175
60,LTR22C_g5,hg19,h_LTR22C_g5,18,G13,PG4,LTR22,LTR22C,5,G13 PG4,368,16,Step21_hg19_G13_v1,1,Node58/97,12,0.75,#D5DBDD,FG5,LTR22C_c5,3,4,0.542030284
61,LTR22_g1,hg19,h_LTR22_g1,19,G13,PG5,LTR22,LTR22,1,G13 PG5,88,88,Step21_hg19_G13_v1,1,Node1/,50,0.568181818,#BEB4B2,FG7,LTR22_c1,3,5,0.70652264
62,LTR22C_g6,hg19,h_LTR22C_g6,20,G13,PG4,LTR22,LTR22C,6,G13 PG4,368,14,Step21_hg19_G13_v1,1,Node23/96,10,0.714285714,#D5D68C,FG5,LTR22C_c6,3,4,0.596951183
63,LTR22C_g12,hg19,h_LTR22C_g12,21,G13,PG4,LTR22,LTR22C,12,G13 PG4,368,11,Step21_hg19_G13_v1,1,Node34/100,6,0.545454545,#D0E45B,FG5,LTR22C_c12,3,4,0.670850954
64,LTR22C_g2,hg19,h_LTR22C_g2,22,G13,PG4,LTR22,LTR22C,2,G13 PG4,368,31,Step21_hg19_G13_v1,1,Node35/97,20,0.64516129,#7A8A88,FG5,LTR22C_c2,3,4,0.675767643
65,LTR22B_g6,hg19,h_LTR22B_g6,23,G13,PG4,LTR22,LTR22B,6,G13 PG4,217,13,Step21_hg19_G13_v1,1,Node17/100,4,0.307692308,#847ADB,FG6,LTR22B_c6,3,4,0.726344471
66,LTR22C_g11,hg19,h_LTR22C_g11,24,G13,PG4,LTR22,LTR22C,11,G13 PG4,368,11,Step21_hg19_G13_v1,1,Node17/97,10,0.909090909,#D74CD8,FG5,LTR22C_c11,3,4,0.748937373
67,LTR22B_g3,hg19,h_LTR22B_g3,25,G13,PG4,LTR22,LTR22B,3,G13 PG4,217,20,Step21_hg19_G13_v1,1,Node11/96,15,0.75,#DCCBCC,FG6,LTR22B_c3,3,4,0.661421055
68,LTR22B_g4,hg19,h_LTR22B_g4,26,G13,PG6,LTR22,LTR22B,4,G13 PG6,217,20,Step21_hg19_G13_v1,1,Node29/97,8,0.4,#8DABD0,FG6,LTR22B_c4,3,6,0.782535167
69,LTR22B_g2,hg19,h_LTR22B_g2,27,G13,PG6,LTR22,LTR22B,2,G13 PG6,217,32,Step21_hg19_G13_v1,1,Node28/97,20,0.625,#C34ADB,FG6,LTR22B_c2,3,6,0.759150876
70,LTR22B_g9,hg19,h_LTR22B_g9,28,G13,PG6,LTR22,LTR22B,9,G13 PG6,217,10,Step21_hg19_G13_v1,1,Node77/100,0,0,#C5DAA3,FG6,LTR22B_c9,3,6,0.885605106
71,LTR22B_g5,hg19,h_LTR22B_g5,29,G13,PG6,LTR22,LTR22B,5,G13 PG6,217,18,Step21_hg19_G13_v1,1,Node63/100,14,0.777777778,#D78061,FG6,LTR22B_c5,3,6,0.894968706
72,LTR22B_g8,hg19,h_LTR22B_g8,30,G13,PG6,LTR22,LTR22B,8,G13 PG6,217,11,Step21_hg19_G13_v1,1,Node45/100,10,0.909090909,#DC85C1,FG6,LTR22B_c8,3,6,0.878625944
73,LTR22B_g1,hg19,h_LTR22B_g1,31,G13,PG6,LTR22,LTR22B,1,G13 PG6,217,40,Step21_hg19_G13_v1,1,Node36/96,26,0.65,#DBD55D,FG6,LTR22B_c1,3,6,0.834994517
74,LTR22B_g7,hg19,h_LTR22B_g7,32,G13,PG6,LTR22,LTR22B,7,G13 PG6,217,11,Step21_hg19_G13_v1,1,Node39/98,7,0.636363636,#7DE0D2,FG6,LTR22B_c7,3,6,0.880970892
75,HERV1_LTRc_g1,hg19,h_HERV1_LTRc_g1,1,G14,PG1,LTR15,HERV1_LTRc,1,G14 PG1,30,30,Step21_hg19_G14_v1,2,Node1/,16,0.533333333,#BEB4B2,FG1,HERV1_LTRc_c1,6,1,0.162542697
76,HERV1_LTRb_g0,hg19,h_HERV1_LTRb_g0,2,G14,PG2,LTR15,HERV1_LTRb,0,G14 PG2,10,10,Step21_hg19_G14_v1,2,-,6,0.6,-,FG2,HERV1_LTRb_c0,6,2,0.209812999
77,HERV1_LTRa_g1,hg19,h_HERV1_LTRa_g1,3,G14,PG2,LTR15,HERV1_LTRa,1,G14 PG2,24,21,Step21_hg19_G14_v1,2,Node3/100,14,0.666666667,#B7D3A2,FG2,HERV1_LTRa_c1,6,2,0.178101685
78,HERV1_LTRe_g1,hg19,h_HERV1_LTRe_g1,4,G14,PG3,LTR15,HERV1_LTRe,1,G14 PG3,25,19,Step21_hg19_G14_v1,2,Node3/100,15,0.789473684,#C082C8,FG3,HERV1_LTRe_c1,6,3,0.216798353
79,HERV1_LTRd_g0,hg19,h_HERV1_LTRd_g0,5,G14,PG3,LTR15,HERV1_LTRd,0,G14 PG3,12,12,Step21_hg19_G14_v1,2,-,8,0.666666667,-,FG3,HERV1_LTRd_c0,6,3,0.268435573
80,LTR15_g2,hg19,h_LTR15_g2,6,G14,PG4,LTR15,LTR15,2,G14 PG4,211,17,Step21_hg19_G14_v1,2,Node4/99,1,0.058823529,#B4DE6F,FG4,LTR15_c2,6,4,0.332645116
81,LTR15_g1,hg19,h_LTR15_g1,7,G14,PG4,LTR15,LTR15,1,G14 PG4,211,165,Step21_hg19_G14_v1,2,Node12/98,86,0.521212121,#BE5CD3,FG4,LTR15_c1,6,4,0.260489107
82,LTR15_g3,hg19,h_LTR15_g3,8,G14,PG4,LTR15,LTR15,3,G14 PG4,211,13,Step21_hg19_G14_v1,2,Node39/96,6,0.461538462,#A7DAC8,FG4,LTR15_c3,6,4,0.288638035
83,LTR15_g4,hg19,h_LTR15_g4,9,G14,PG4,LTR15,LTR15,4,G14 PG4,211,11,Step21_hg19_G14_v1,2,Node33/96,6,0.545454545,#B3A5D5,FG4,LTR15_c4,6,4,0.287972805
84,LTR61_g1,hg19,h_LTR61_g1,1,G15,PG1,LTR61,LTR61,1,G15 PG1,124,42,Step21_hg19_G15_v1,1,Node17/96,29,0.69047619,#9DDBCF,FG1,LTR61_c1,16,1,0.0000005
85,LTR61_g5,hg19,h_LTR61_g5,2,G15,PG1,LTR61,LTR61,5,G15 PG1,124,11,Step21_hg19_G15_v1,1,Node22/96,3,0.272727273,#B1A5D6,FG1,LTR61_c5,16,1,0.047228656
86,LTR61_g3,hg19,h_LTR61_g3,3,G15,PG1,LTR61,LTR61,3,G15 PG1,124,19,Step21_hg19_G15_v1,1,Node30/97,9,0.473684211,#BD5CD5,FG1,LTR61_c3,16,1,0.036996881
87,LTR61_g4,hg19,h_LTR61_g4,4,G15,PG2,LTR61,LTR61,4,G15 PG2,124,12,Step21_hg19_G15_v1,1,Node9/100,0,0,#DE8781,FG1,LTR61_c4,16,2,0.148883066
88,LTR61_g2,hg19,h_LTR61_g2,5,G15,PG2,LTR61,LTR61,2,G15 PG2,124,37,Step21_hg19_G15_v1,1,Node3/99,21,0.567567568,#D6CF83,FG1,LTR61_c2,16,2,0.061869308
89,LTR66_g1,hg19,h_LTR66_g1,1,G16,PG1,LTR66,LTR66,1,G16 PG1,183,156,Step21_hg19_G16_v1,4,Node4/99,100,0.641025641,#DD9186,FG1,LTR66_c1,18,1,0.000001
91,LTR66_g3,hg19,h_LTR66_g3,3,G16,PG1,LTR66,LTR66,3,G16 PG1,183,10,Step21_hg19_G16_v1,4,Node23/100,1,0.1,#B3DD7B,FG1,LTR66_c3,18,1,0.032638874
92,LTR66_g2,hg19,h_LTR66_g2,4,G16,PG1,LTR66,LTR66,2,G16 PG1,183,12,Step21_hg19_G16_v1,4,Node6/96,5,0.416666667,#A8CFD2,FG1,LTR66_c2,18,1,0.014250169
93,LTR76_g4,hg19,h_LTR76_g4,1,G17,PG1,LTR4,LTR76,4,G17 PG1,155,10,Step21_hg19_G17_v1,2,Node41/99,8,0.8,#B4DE6F,FG1,LTR76_c4,13,1,0.229889767
94,LTR76_g1,hg19,h_LTR76_g1,2,G17,PG2,LTR4,LTR76,1,G17 PG2,155,108,Step21_hg19_G17_v1,2,Node2/100,74,0.685185185,#BE5CD3,FG1,LTR76_c1,13,2,0.152570526
95,LTR76_g2,hg19,h_LTR76_g2,3,G17,PG1,LTR4,LTR76,2,G17 PG1,155,17,Step21_hg19_G17_v1,2,Node33/99,10,0.588235294,#DC9078,FG1,LTR76_c2,13,1,0.115276998
96,LTR76_g3,hg19,h_LTR76_g3,4,G17,PG1,LTR4,LTR76,3,G17 PG1,155,13,Step21_hg19_G17_v1,2,Node25/99,10,0.769230769,#A7DAC8,FG1,LTR76_c3,13,1,0.073257464
97,LTR4_g2,hg19,h_LTR4_g2,5,G17,PG3,LTR4,LTR4,2,G17 PG3,86,17,Step21_hg19_G17_v1,2,Node33/97,8,0.470588235,#83E27E,FG2,LTR4_c2,13,3,0.242415109
98,LTR4_g1,hg19,h_LTR4_g1,6,G17,PG3,LTR4,LTR4,1,G17 PG3,86,39,Step21_hg19_G17_v1,2,Node9/100,20,0.512820513,#DC8E94,FG2,LTR4_c1,13,3,0.183873676
99,LTR4_g3,hg19,h_LTR4_g3,7,G17,PG3,LTR4,LTR4,3,G17 PG3,86,11,Step21_hg19_G17_v1,2,Node16/100,0,0,#D7D17D,FG2,LTR4_c3,13,3,0.312284658
100,LTR4_g4,hg19,h_LTR4_g4,8,G17,PG3,LTR4,LTR4,4,G17 PG3,86,10,Step21_hg19_G17_v1,2,Node23/100,8,0.8,#B66DD7,FG2,LTR4_c4,13,3,0.236882841
101,MER61C_g4,hg19,h_MER61C_g4,1,G18,PG1,LTR25,MER61C,4,G18 PG1,279,21,Step21_hg19_G18_v1,7,Node15/96,21,1,#C6DAA4,FG8,MER61C_c4,2,1,0.022298273
102,MER61C_g9,hg19,h_MER61C_g9,2,G18,PG1,LTR25,MER61C,9,G18 PG1,279,10,Step21_hg19_G18_v1,7,Node13/97,7,0.7,#8596D6,FG8,MER61C_c9,2,1,0.021749782
103,MER61C_g6,hg19,h_MER61C_g6,3,G18,PG1,LTR25,MER61C,6,G18 PG1,279,13,Step21_hg19_G18_v1,7,Node9/97,12,0.923076923,#CCC9D0,FG8,MER61C_c6,2,1,0.037102353
104,MER61B_g10,hg19,h_MER61B_g10,4,G18,PG1,LTR25,MER61B,10,G18 PG1,383,14,Step21_hg19_G18_v1,7,Node68/100,9,0.642857143,#B9EAC7,FG7,MER61B_c10,2,1,0.037476444
105,MER61B_g11,hg19,h_MER61B_g11,5,G18,PG1,LTR25,MER61B,11,G18 PG1,383,12,Step21_hg19_G18_v1,7,Node11/97,12,1,#D9D9D9,FG6,MER61B_c11,2,1,0.124908099
106,MER61B_g9,hg19,h_MER61B_g9,6,G18,PG1,LTR25,MER61B,9,G18 PG1,383,15,Step21_hg19_G18_v1,7,Node43/100,2,0.133333333,#ABABDF,FG6,MER61B_c9,2,1,0.223450047
107,MER61B_g7,hg19,h_MER61B_g7,7,G18,PG1,LTR25,MER61B,7,G18 PG1,383,16,Step21_hg19_G18_v1,7,Node20/97,13,0.8125,#CFE460,FG6,MER61B_c7,2,1,0.117785909
108,MER61B_g8,hg19,h_MER61B_g8,8,G18,PG1,LTR25,MER61B,8,G18 PG1,383,15,Step21_hg19_G18_v1,7,Node126/99,13,0.866666667,#DA5D59,FG9,MER61B_c8,2,1,0.189325497
109,MER61B_g2,hg19,h_MER61B_g2,9,G18,PG1,LTR25,MER61B,2,G18 PG1,383,45,Step21_hg19_G18_v1,7,Node1/,41,0.911111111,#D4D795,FG6,MER61B_c2,2,1,0.130084188
110,MER61B_g5,hg19,h_MER61B_g5,10,G18,PG1,LTR25,MER61B,5,G18 PG1,383,17,Step21_hg19_G18_v1,7,Node15/98,16,0.941176471,#7A9292,FG6,MER61B_c5,2,1,0.116849796
111,MER61B_g1,hg19,h_MER61B_g1,11,G18,PG1,LTR25,MER61B,1,G18 PG1,383,109,Step21_hg19_G18_v1,7,Node60/97,91,0.834862385,#D870C4,FG9,MER61B_c1,2,1,0.147392988
112,MER61B_g14,hg19,h_MER61B_g14,12,G18,PG1,LTR25,MER61B,14,G18 PG1,383,10,Step21_hg19_G18_v1,7,Node86/98,10,1,#7A74DA,FG9,MER61B_c14,2,1,0.170717539
113,MER61B_g4,hg19,h_MER61B_g4,13,G18,PG1,LTR25,MER61B,4,G18 PG1,383,18,Step21_hg19_G18_v1,7,Node89/99,18,1,#6DDE9C,FG9,MER61B_c4,2,1,0.190143783
114,MER61B_g3,hg19,h_MER61B_g3,14,G18,PG1,LTR25,MER61B,3,G18 PG1,383,20,Step21_hg19_G18_v1,7,Node94/99,17,0.85,#73E54D,FG9,MER61B_c3,2,1,0.162724069
115,MER61A_g4,hg19,h_MER61A_g4,15,G18,PG1,LTR25,MER61A,4,G18 PG1,735,40,Step21_hg19_G18_v1,7,Node2/98,36,0.9,#88A9CF,FG9,MER61A_c4,2,1,0.196774856
116,MER61B_g13,hg19,h_MER61B_g13,16,G18,PG1,LTR25,MER61B,13,G18 PG1,383,10,Step21_hg19_G18_v1,7,Node79/99,10,1,#D7A454,FG9,MER61B_c13,2,1,0.229922115
117,MER61A_g3,hg19,h_MER61A_g3,17,G18,PG1,LTR25,MER61A,3,G18 PG1,735,73,Step21_hg19_G18_v1,7,Node1/,62,0.849315068,#DB6BC6,FG9,MER61A_c3,2,1,0.175499259
118,MER61A_g6,hg19,h_MER61A_g6,18,G18,PG1,LTR25,MER61A,6,G18 PG1,735,26,Step21_hg19_G18_v1,7,Node16/96,19,0.730769231,#D6DF63,FG9,MER61A_c6,2,1,0.205474158
119,MER61A_g12,hg19,h_MER61A_g12,19,G18,PG1,LTR25,MER61A,12,G18 PG1,735,10,Step21_hg19_G18_v1,7,Node224/99,9,0.9,#C7DDA4,FG9,MER61A_c12,2,1,0.293717294
120,MER61A_g2,hg19,h_MER61A_g2,20,G18,PG1,LTR25,MER61A,2,G18 PG1,735,82,Step21_hg19_G18_v1,7,Node39/97,73,0.890243902,#7DE656,FG9,MER61A_c2,2,1,0.260166985
121,MER61A_g9,hg19,h_MER61A_g9,21,G18,PG1,LTR25,MER61A,9,G18 PG1,735,19,Step21_hg19_G18_v1,7,Node215/99,18,0.947368421,#DCA3C6,FG9,MER61A_c9,2,1,0.28602429
122,MER61A_g5,hg19,h_MER61A_g5,22,G18,PG1,LTR25,MER61A,5,G18 PG1,735,27,Step21_hg19_G18_v1,7,Node40/97,24,0.888888889,#D8D3CC,FG9,MER61A_c5,2,1,0.25793095
123,MER61A_g11,hg19,h_MER61A_g11,23,G18,PG1,LTR25,MER61A,11,G18 PG1,735,17,Step21_hg19_G18_v1,7,Node203/100,6,0.352941176,#D5A162,FG9,MER61A_c11,2,1,0.330838867
124,MER61A_g1,hg19,h_MER61A_g1,24,G18,PG2,LTR25,MER61A,1,G18 PG2,735,356,Step21_hg19_G18_v1,7,Node77/98,291,0.81741573,#6BDFA2,FG10,MER61A_c1,2,2,0.324533096
125,MER61A_g10,hg19,h_MER61A_g10,25,G18,PG2,LTR25,MER61A,10,G18 PG2,735,18,Step21_hg19_G18_v1,7,Node106/97,15,0.833333333,#867BD9,FG10,MER61A_c10,2,2,0.371102388
126,MER61A_g7,hg19,h_MER61A_g7,26,G18,PG2,LTR25,MER61A,7,G18 PG2,735,22,Step21_hg19_G18_v1,7,Node154/97,21,0.954545455,#84DDDA,FG10,MER61A_c7,2,2,0.381607854
127,MER61A_g8,hg19,h_MER61A_g8,27,G18,PG2,LTR25,MER61A,8,G18 PG2,735,19,Step21_hg19_G18_v1,7,Node145/97,17,0.894736842,#DA605C,FG10,MER61A_c8,2,2,0.367474837
128,MER61B_g6,hg19,h_MER61B_g6,28,G18,PG1,LTR25,MER61B,6,G18 PG1,383,17,Step21_hg19_G18_v1,7,Node56/99,14,0.823529412,#73DCE2,FG7,MER61B_c6,2,1,0.084890393
129,MER61C_g7,hg19,h_MER61C_g7,29,G18,PG1,LTR25,MER61C,7,G18 PG1,279,12,Step21_hg19_G18_v1,7,Node33/99,2,0.166666667,#DAD55E,FG7,MER61C_c7,2,1,0.102620495
130,MER61B_g12,hg19,h_MER61B_g12,30,G18,PG1,LTR25,MER61B,12,G18 PG1,383,12,Step21_hg19_G18_v1,7,Node63/99,8,0.666666667,#BC45E2,FG7,MER61B_c12,2,1,0.084205004
131,MER61C_g1,hg19,h_MER61C_g1,31,G18,PG1,LTR25,MER61C,1,G18 PG1,279,100,Step21_hg19_G18_v1,7,Node28/99,80,0.8,#DA58CF,FG5,MER61C_c1,2,1,0.0973243
132,MER61C_g3,hg19,h_MER61C_g3,32,G18,PG3,LTR25,MER61C,3,G18 PG3,279,33,Step21_hg19_G18_v1,7,Node69/97,30,0.909090909,#8755DF,FG5,MER61C_c3,2,3,0.141873203
133,MER61C_g8,hg19,h_MER61C_g8,33,G18,PG3,LTR25,MER61C,8,G18 PG3,279,11,Step21_hg19_G18_v1,7,Node75/99,2,0.181818182,#DC90BF,FG5,MER61C_c8,2,3,0.244524234
134,MER61C_g2,hg19,h_MER61C_g2,34,G18,PG3,LTR25,MER61C,2,G18 PG3,279,39,Step21_hg19_G18_v1,7,Node72/96,35,0.897435897,#7EE36C,FG5,MER61C_c2,2,3,0.184125826
135,MER61C_g5,hg19,h_MER61C_g5,35,G18,PG3,LTR25,MER61C,5,G18 PG3,279,13,Step21_hg19_G18_v1,7,Node71/99,11,0.846153846,#D88261,FG5,MER61C_c5,2,3,0.181564848
136,MER61D_g3,hg19,h_MER61D_g3,36,G18,PG3,LTR25,MER61D,3,G18 PG3,226,38,Step21_hg19_G18_v1,7,Node53/99,32,0.842105263,#DC7E75,FG5,MER61D_c3,2,3,0.166177419
137,MER61D_g4,hg19,h_MER61D_g4,37,G18,PG3,LTR25,MER61D,4,G18 PG3,226,14,Step21_hg19_G18_v1,7,Node54/96,12,0.857142857,#BD89D3,FG5,MER61D_c4,2,3,0.169993976
138,MER61D_g2,hg19,h_MER61D_g2,38,G18,PG3,LTR25,MER61D,2,G18 PG3,226,64,Step21_hg19_G18_v1,7,Node40/99,60,0.9375,#88E469,FG5,MER61D_c2,2,3,0.187722781
139,MER61D_g5,hg19,h_MER61D_g5,39,G18,PG4,LTR25,MER61D,5,G18 PG4,226,13,Step21_hg19_G18_v1,7,Node33/98,10,0.769230769,#DAD1C9,FG4,MER61D_c5,2,4,0.28012899
140,MER61D_g1,hg19,h_MER61D_g1,40,G18,PG4,LTR25,MER61D,1,G18 PG4,226,75,Step21_hg19_G18_v1,7,Node2/96,57,0.76,#90AFD3,FG4,MER61D_c1,2,4,0.273767827
141,MER61D_g6,hg19,h_MER61D_g6,41,G18,PG4,LTR25,MER61D,6,G18 PG4,226,11,Step21_hg19_G18_v1,7,Node6/96,10,0.909090909,#BB4FD7,FG4,MER61D_c6,2,4,0.310151869
142,MER61D_g7,hg19,h_MER61D_g7,42,G18,PG4,LTR25,MER61D,7,G18 PG4,226,10,Step21_hg19_G18_v1,7,Node11/97,10,1,#8AE0C7,FG4,MER61D_c7,2,4,0.308006589
143,MER61E_g4,hg19,h_MER61E_g4,43,G18,PG5,LTR25,MER61E,4,G18 PG5,223,11,Step21_hg19_G18_v1,7,Node13/100,9,0.818181818,#A7DAC8,FG3,MER61E_c4,2,5,0.656000863
144,MER61E_g2,hg19,h_MER61E_g2,44,G18,PG5,LTR25,MER61E,2,G18 PG5,223,15,Step21_hg19_G18_v1,7,Node29/98,7,0.466666667,#BE5CD3,FG3,MER61E_c2,2,5,0.566707838
145,MER61E_g1,hg19,h_MER61E_g1,45,G18,PG5,LTR25,MER61E,1,G18 PG5,223,159,Step21_hg19_G18_v1,7,Node36/100,123,0.773584906,#B3A5D5,FG3,MER61E_c1,2,5,0.45915222
146,MER61E_g3,hg19,h_MER61E_g3,46,G18,PG5,LTR25,MER61E,3,G18 PG5,223,12,Step21_hg19_G18_v1,7,Node49/100,1,0.083333333,#B4DE6F,FG3,MER61E_c3,2,5,0.515344706
147,MER61F_g4,hg19,h_MER61F_g4,47,G18,PG6,LTR25,MER61F,4,G18 PG6,122,15,Step21_hg19_G18_v1,7,Node4/100,12,0.8,#D6D07B,FG2,MER61F_c4,2,6,0.572212285
148,MER61F_g3,hg19,h_MER61F_g3,48,G18,PG6,LTR25,MER61F,3,G18 PG6,122,17,Step21_hg19_G18_v1,7,Node1/,14,0.823529412,#DE8983,FG2,MER61F_c3,2,6,0.574610935
149,MER61F_g1,hg19,h_MER61F_g1,49,G18,PG6,LTR25,MER61F,1,G18 PG6,122,42,Step21_hg19_G18_v1,7,Node16/99,27,0.642857143,#BF5AD5,FG2,MER61F_c1,2,6,0.61837118
150,MER61F_g5,hg19,h_MER61F_g5,50,G18,PG6,LTR25,MER61F,5,G18 PG6,122,12,Step21_hg19_G18_v1,7,Node30/100,0,0,#86E471,FG2,MER61F_c5,2,6,0.714320854
151,MER61F_g2,hg19,h_MER61F_g2,51,G18,PG6,LTR25,MER61F,2,G18 PG6,122,26,Step21_hg19_G18_v1,7,Node20/100,19,0.730769231,#A3D9CE,FG2,MER61F_c2,2,6,0.665472496
152,LTR25_g3,hg19,h_LTR25_g3,52,G18,PG7,LTR25,LTR25,3,G18 PG7,208,23,Step21_hg19_G18_v1,7,Node93/99,19,0.826086957,#D8D2BF,FG1,LTR25_c3,2,7,0.612199877
153,LTR25_g8,hg19,h_LTR25_g8,53,G18,PG7,LTR25,LTR25,8,G18 PG7,208,10,Step21_hg19_G18_v1,7,Node85/100,1,0.1,#8EE65A,FG1,LTR25_c8,2,7,0.637052564
154,LTR25_g1,hg19,h_LTR25_g1,54,G18,PG7,LTR25,LTR25,1,G18 PG7,208,57,Step21_hg19_G18_v1,7,Node4/100,19,0.333333333,#7E8CD5,FG1,LTR25_c1,2,7,0.583959591
155,LTR25_g5,hg19,h_LTR25_g5,55,G18,PG7,LTR25,LTR25,5,G18 PG7,208,11,Step21_hg19_G18_v1,7,Node24/96,5,0.454545455,#D7CF6C,FG1,LTR25_c5,2,7,0.618371362
156,LTR25_g4,hg19,h_LTR25_g4,56,G18,PG7,LTR25,LTR25,4,G18 PG7,208,20,Step21_hg19_G18_v1,7,Node25/97,4,0.2,#D87764,FG1,LTR25_c4,2,7,0.62460288
157,LTR25_g7,hg19,h_LTR25_g7,57,G18,PG7,LTR25,LTR25,7,G18 PG7,208,10,Step21_hg19_G18_v1,7,Node52/100,0,0,#8BCDD9,FG1,LTR25_c7,2,7,0.84718478
158,LTR25_g2,hg19,h_LTR25_g2,58,G18,PG7,LTR25,LTR25,2,G18 PG7,208,36,Step21_hg19_G18_v1,7,Node27/97,19,0.527777778,#86E1B0,FG1,LTR25_c2,2,7,0.64021029
159,LTR25_g6,hg19,h_LTR25_g6,59,G18,PG7,LTR25,LTR25,6,G18 PG7,208,11,Step21_hg19_G18_v1,7,Node31/99,8,0.727272727,#D99ECB,FG1,LTR25_c6,2,7,0.659632318
160,11D|N8|24,hg19,11D_b,1,G19,PG1,MER11D,MER11D,2,G19 PG1,242,24,Step21_hg19_G19_v1,1,"Node8/99:MER11D(24,1)",7,0.291666667,#CC9CB8,FG1,11D_c3,17,1,2.6224E-06
161,11D|N9|48,hg19,11D_c,2,G19,PG1,MER11D,MER11D,3,G19 PG1,242,48,Step21_hg19_G19_v1,1,"Node9/96:MER11D(48,1)",7,0.145833333,#9CD7C8,FG1,11D_c2,17,1,0.006738766
162,11D|N10|158,hg19,11D_a,3,G19,PG2,MER11D,MER11D,1,G19 PG2,242,157,Step21_hg19_G19_v1,1,"Node10/96:MER11D(158,1)",4,0.025316456,#BCD76F,FG1,11D_c1,17,2,0.017929331
164,LTR5B_g10,hg19,h_LTR5B_g10,1,G2,PG1,LTR5,LTR5B,10,G2 PG1,375,15,Step21_hg19_G2_v1,1,Node89/100,7,0.466666667,#8494D8,FG1,LTR5B_c10,4,1,2.4938E-06
165,LTR5B_g4,hg19,h_LTR5B_g4,2,G2,PG2,LTR5,LTR5B,4,G2 PG2,375,31,Step21_hg19_G2_v1,1,Node97/99,16,0.516129032,#CEDCB2,FG1,LTR5B_c4,4,2,0.064726944
166,LTR5B_g6,hg19,h_LTR5B_g6,3,G2,PG2,LTR5,LTR5B,6,G2 PG2,375,30,Step21_hg19_G2_v1,1,Node98/98,15,0.5,#D4BCCD,FG1,LTR5B_c6,4,2,0.077972695
167,LTR5B_g7,hg19,h_LTR5B_g7,4,G2,PG2,LTR5,LTR5B,7,G2 PG2,375,21,Step21_hg19_G2_v1,1,Node111/99,14,0.666666667,#DC6B6D,FG1,LTR5B_c7,4,2,0.077323771
168,LTR5B_g9,hg19,h_LTR5B_g9,5,G2,PG2,LTR5,LTR5B,9,G2 PG2,375,20,Step21_hg19_G2_v1,1,Node50/98,14,0.7,#B150DC,FG1,LTR5B_c9,4,2,0.093921325
169,LTR5B_g1,hg19,h_LTR5B_g1,6,G2,PG3,LTR5,LTR5B,1,G2 PG3,375,68,Step21_hg19_G2_v1,1,Node1/,31,0.455882353,#D87DC9,FG2,LTR5B_c1,4,3,0.134001736
170,LTR5A_g6,hg19,h_LTR5A_g6,7,G2,PG4,LTR5,LTR5A,6,G2 PG4,253,10,Step21_hg19_G2_v1,1,Node61/100,0,0,#BE5AD6,FG2,LTR5A_c6,4,4,0.179955893
171,LTR5B_g3,hg19,h_LTR5B_g3,8,G2,PG4,LTR5,LTR5B,3,G2 PG4,375,42,Step21_hg19_G2_v1,1,Node11/96,1,0.023809524,#81E557,FG2,LTR5B_c3,4,4,0.175214827
172,LTR5A_g3,hg19,h_LTR5A_g3,9,G2,PG4,LTR5,LTR5A,3,G2 PG4,253,20,Step21_hg19_G2_v1,1,Node9/100,0,0,#84DCCB,FG2,LTR5A_c3,4,4,0.261763315
173,LTR5A_g5,hg19,h_LTR5A_g5,10,G2,PG4,LTR5,LTR5A,5,G2 PG4,253,13,Step21_hg19_G2_v1,1,Node3/97,0,0,#A79BD5,FG2,LTR5A_c5,4,4,0.221129741
174,LTR5A_g1,hg19,h_LTR5A_g1,11,G2,PG4,LTR5,LTR5A,1,G2 PG4,253,148,Step21_hg19_G2_v1,1,Node1/,0,0,#D1CECB,FG2,LTR5A_c1,4,4,0.195169353
175,LTR5A_g2,hg19,h_LTR5A_g2,12,G2,PG4,LTR5,LTR5A,2,G2 PG4,253,35,Step21_hg19_G2_v1,1,Node34/99,0,0,#DC7E79,FG2,LTR5A_c2,4,4,0.232910973
176,LTR5A_g4,hg19,h_LTR5A_g4,13,G2,PG4,LTR5,LTR5A,4,G2 PG4,253,14,Step21_hg19_G2_v1,1,Node48/99,0,0,#D5D077,FG2,LTR5A_c4,4,4,0.215269798
177,LTR5B_g2,hg19,h_LTR5B_g2,14,G2,PG1,LTR5,LTR5B,2,G2 PG1,375,55,Step21_hg19_G2_v1,1,Node54/100,31,0.563636364,#D5A162,FG3,LTR5B_c2,4,1,0.04052981
178,LTR5B_g8,hg19,h_LTR5B_g8,15,G2,PG1,LTR5,LTR5B,8,G2 PG1,375,21,Step21_hg19_G2_v1,1,Node57/100,12,0.571428571,#74E0A9,FG3,LTR5B_c8,4,1,0.057156948
179,LTR5B_g5,hg19,h_LTR5B_g5,16,G2,PG5,LTR5,LTR5B,5,G2 PG5,375,30,Step21_hg19_G2_v1,1,Node63/97,3,0.1,#D8DF6A,FG3,LTR5B_c5,4,5,0.089270169
180,LTR5_Hs_g6,hg19,h_LTR5_Hs_g6,17,G2,PG5,LTR5,LTR5_Hs,6,G2 PG5,604,29,Step21_hg19_G2_v1,1,Node174/98,0,0,#B745E2,FG3,LTR5_Hs_c6,4,5,0.092384508
181,LTR5_Hs_g5,hg19,h_LTR5_Hs_g5,18,G2,PG5,LTR5,LTR5_Hs,5,G2 PG5,604,36,Step21_hg19_G2_v1,1,Node173/96,0,0,#88AACF,FG3,LTR5_Hs_c5,4,5,0.107563503
182,LTR5_Hs_g10,hg19,h_LTR5_Hs_g10,19,G2,PG5,LTR5,LTR5_Hs,10,G2 PG5,604,15,Step21_hg19_G2_v1,1,Node199/96,0,0,#C6DDA4,FG3,LTR5_Hs_c10,4,5,0.117175508
183,LTR5_Hs_g4,hg19,h_LTR5_Hs_g4,20,G2,PG5,LTR5,LTR5_Hs,4,G2 PG5,604,39,Step21_hg19_G2_v1,1,Node163/97,0,0,#7FDED9,FG3,LTR5_Hs_c4,4,5,0.121172981
184,LTR5_Hs_g8,hg19,h_LTR5_Hs_g8,21,G2,PG5,LTR5,LTR5_Hs,8,G2 PG5,604,24,Step21_hg19_G2_v1,1,Node5/99,0,0,#D6D4CD,FG3,LTR5_Hs_c8,4,5,0.129864079
185,LTR5_Hs_g12,hg19,h_LTR5_Hs_g12,22,G2,PG5,LTR5,LTR5_Hs,12,G2 PG5,604,10,Step21_hg19_G2_v1,1,Node7/99,0,0,#DCA4C6,FG4,LTR5_Hs_c12,4,5,0.147455199
186,LTR5_Hs_g7,hg19,h_LTR5_Hs_g7,23,G2,PG5,LTR5,LTR5_Hs,7,G2 PG5,604,26,Step21_hg19_G2_v1,1,Node10/99,0,0,#7BE94E,FG4,LTR5_Hs_c7,4,5,0.166009663
187,LTR5_Hs_g9,hg19,h_LTR5_Hs_g9,24,G2,PG5,LTR5,LTR5_Hs,9,G2 PG5,604,23,Step21_hg19_G2_v1,1,Node12/96,0,0,#D4DF64,FG4,LTR5_Hs_c9,4,5,0.16991403
188,LTR5_Hs_g11,hg19,h_LTR5_Hs_g11,25,G2,PG5,LTR5,LTR5_Hs,11,G2 PG5,604,10,Step21_hg19_G2_v1,1,Node122/99,0,0,#DA605C,FG4,LTR5_Hs_c11,4,5,0.185014049
189,LTR5_Hs_g2,hg19,h_LTR5_Hs_g2,26,G2,PG5,LTR5,LTR5_Hs,2,G2 PG5,604,60,Step21_hg19_G2_v1,1,Node14/100,0,0,#6ADC97,FG4,LTR5_Hs_c2,4,5,0.190728804
190,LTR5_Hs_g3,hg19,h_LTR5_Hs_g3,27,G2,PG5,LTR5,LTR5_Hs,3,G2 PG5,604,53,Step21_hg19_G2_v1,1,Node15/96,0,0,#DB6BC6,FG4,LTR5_Hs_c3,4,5,0.208097889
191,LTR5_Hs_g1,hg19,h_LTR5_Hs_g1,28,G2,PG6,LTR5,LTR5_Hs,1,G2 PG6,604,258,Step21_hg19_G2_v1,1,Node16/100,0,0,#D5A263,FG5,LTR5_Hs_c1,4,6,0.238919541
192,LTR5_g0,hg19,h_LTR5_g0,29,G2,PG5,LTR5,LTR5,0,G2 PG5,5,5,Step21_hg19_G2_v1,1,-,0,0,-,FG4,LTR5_c0,4,5,0.205455407
193,LTR6A_g9,hg19,h_LTR6A_g9,1,G3,PG1,LTR6,LTR6A,9,G3 PG1,231,10,Step21_hg19_G3_v1,3,Node62/97,3,0.3,#8657DF,FG1,LTR6A_c9,7,1,1.1451E-06
194,LTR6A_g4,hg19,h_LTR6A_g4,2,G3,PG1,LTR6,LTR6A,4,G3 PG1,231,14,Step21_hg19_G3_v1,3,Node50/100,0,0,#80D4D9,FG1,LTR6A_c4,7,1,0.118857467
195,LTR6A_g3,hg19,h_LTR6A_g3,3,G3,PG1,LTR6,LTR6A,3,G3 PG1,231,16,Step21_hg19_G3_v1,3,Node40/98,0,0,#D67C5D,FG1,LTR6A_c3,7,1,0.12507953
196,LTR6A_g2,hg19,h_LTR6A_g2,4,G3,PG2,LTR6,LTR6A,2,G3 PG2,231,16,Step21_hg19_G3_v1,3,Node22/100,0,0,#D5D1C7,FG2,LTR6A_c2,7,2,0.230997572
197,LTR6A_g7,hg19,h_LTR6A_g7,5,G3,PG2,LTR6,LTR6A,7,G3 PG2,231,10,Step21_hg19_G3_v1,3,Node11/96,0,0,#99E658,FG2,LTR6A_c7,7,2,0.283117636
198,LTR6A_g8,hg19,h_LTR6A_g8,6,G3,PG1,LTR6,LTR6A,8,G3 PG1,231,10,Step21_hg19_G3_v1,3,Node120/97,1,0.1,#929DD8,FG1,LTR6A_c8,7,1,0.035249042
199,LTR6A_g1,hg19,h_LTR6A_g1,7,G3,PG3,LTR6,LTR6A,1,G3 PG3,231,54,Step21_hg19_G3_v1,3,Node66/100,15,0.277777778,#89E1AB,FG3,LTR6A_c1,7,3,0.150849486
200,LTR6A_g6,hg19,h_LTR6A_g6,8,G3,PG1,LTR6,LTR6A,6,G3 PG1,231,10,Step21_hg19_G3_v1,3,Node101/100,0,0,#DA5CD0,FG3,LTR6A_c6,7,1,0.090705192
201,LTR6A_g5,hg19,h_LTR6A_g5,9,G3,PG1,LTR6,LTR6A,5,G3 PG1,231,11,Step21_hg19_G3_v1,3,Node111/97,4,0.363636364,#DC92BC,FG3,LTR6A_c5,7,1,0.08057108
202,LTR6B_g1,hg19,h_LTR6B_g1,10,G3,PG4,LTR6,LTR6B,1,G3 PG4,147,114,Step21_hg19_G3_v1,3,Node3/100,0,0,#B3DD7B,FG4,LTR6B_c1,7,4,0.127556235
203,LTR6B_g2,hg19,h_LTR6B_g2,11,G3,PG4,LTR6,LTR6B,2,G3 PG4,147,13,Step21_hg19_G3_v1,3,Node4/98,0,0,#B870D5,FG4,LTR6B_c2,7,4,0.16858755
204,LTR6B_g3,hg19,h_LTR6B_g3,12,G3,PG4,LTR6,LTR6B,3,G3 PG4,147,11,Step21_hg19_G3_v1,3,Node12/100,0,0,#A8CFD2,FG4,LTR6B_c3,7,4,0.223927592
205,LTR2_g12,hg19,h_LTR2_g12,1,G4,PG1,LTR2,LTR2,12,G4 PG1,811,10,Step21_hg19_G4_v1,2,Node124/100,9,0.9,#AADDAF,FG1,LTR2_c12,8,1,0.036974504
206,LTR2_g14,hg19,h_LTR2_g14,2,G4,PG1,LTR2,LTR2,14,G4 PG1,811,10,Step21_hg19_G4_v1,2,Node8/96,7,0.7,#DB6CC6,FG1,LTR2_c14,8,1,0.099452591
207,LTR2_g6,hg19,h_LTR2_g6,3,G4,PG2,LTR2,LTR2,6,G4 PG2,811,24,Step21_hg19_G4_v1,2,Node213/100,18,0.75,#DD5E5F,FG1,LTR2_c6,8,2,0.249600995
208,LTR2C_g4,hg19,h_LTR2C_g4,4,G4,PG2,LTR2,LTR2C,4,G4 PG2,170,27,Step21_hg19_G4_v1,2,Node2/100,11,0.407407407,#BD5CD5,FG1,LTR2C_c4,8,2,0.249600995
209,LTR2C_g1,hg19,h_LTR2C_g1,5,G4,PG3,LTR2,LTR2C,1,G4 PG3,170,51,Step21_hg19_G4_v1,2,Node13/98,14,0.274509804,#B1A5D6,FG2,LTR2C_c1,8,3,0.260782041
210,LTR2C_g2,hg19,h_LTR2C_g2,6,G4,PG3,LTR2,LTR2C,2,G4 PG3,170,41,Step21_hg19_G4_v1,2,Node14/96,0,0,#D6CF83,FG2,LTR2C_c2,8,3,0.285675712
211,LTR2C_g3,hg19,h_LTR2C_g3,7,G4,PG3,LTR2,LTR2C,3,G4 PG3,170,28,Step21_hg19_G4_v1,2,Node36/97,11,0.392857143,#DE8781,FG2,LTR2C_c3,8,3,0.261320407
212,LTR2C_g5,hg19,h_LTR2C_g5,8,G4,PG3,LTR2,LTR2C,5,G4 PG3,170,18,Step21_hg19_G4_v1,2,Node37/97,2,0.111111111,#9DDBCF,FG2,LTR2C_c5,8,3,0.266274164
213,LTR2_g13,hg19,h_LTR2_g13,9,G4,PG1,LTR2,LTR2,13,G4 PG1,811,10,Step21_hg19_G4_v1,2,Node133/100,4,0.4,#CEE461,FG3,LTR2_c13,8,1,0.248677843
214,LTR2_g8,hg19,h_LTR2_g8,10,G4,PG1,LTR2,LTR2,8,G4 PG1,811,20,Step21_hg19_G4_v1,2,Node144/98,14,0.7,#D49F92,FG3,LTR2_c8,8,1,0.131164809
215,LTR2_g9,hg19,h_LTR2_g9,11,G4,PG1,LTR2,LTR2,9,G4 PG1,811,16,Step21_hg19_G4_v1,2,Node186/96,12,0.75,#74DCD9,FG3,LTR2_c9,8,1,0.114141399
216,LTR2_g11,hg19,h_LTR2_g11,12,G4,PG1,LTR2,LTR2,11,G4 PG1,811,13,Step21_hg19_G4_v1,2,Node156/99,10,0.769230769,#D3A34A,FG3,LTR2_c11,8,1,0.150500253
217,LTR2_g5,hg19,h_LTR2_g5,13,G4,PG1,LTR2,LTR2,5,G4 PG1,811,47,Step21_hg19_G4_v1,2,Node153/99,35,0.744680851,#8277D8,FG3,LTR2_c5,8,1,0.138293166
218,LTR2_g10,hg19,h_LTR2_g10,14,G4,PG1,LTR2,LTR2,10,G4 PG1,811,14,Step21_hg19_G4_v1,2,Node169/99,11,0.785714286,#B845E1,FG3,LTR2_c10,8,1,0.13015491
219,LTR2_g1,hg19,h_LTR2_g1,15,G4,PG1,LTR2,LTR2,1,G4 PG1,811,334,Step21_hg19_G4_v1,2,Node9/100,178,0.532934132,#D3DBDA,FG3,LTR2_c1,8,1,0.13437208
220,LTR2_g7,hg19,h_LTR2_g7,16,G4,PG1,LTR2,LTR2,7,G4 PG1,811,22,Step21_hg19_G4_v1,2,Node65/97,8,0.363636364,#7FA5CD,FG3,LTR2_c7,8,1,0.161905544
221,LTR2_g2,hg19,h_LTR2_g2,17,G4,PG1,LTR2,LTR2,2,G4 PG1,811,152,Step21_hg19_G4_v1,2,Node29/99,0,0,#67DE96,FG3,LTR2_c2,8,1,0.163344151
222,LTR2_g4,hg19,h_LTR2_g4,18,G4,PG1,LTR2,LTR2,4,G4 PG1,811,48,Step21_hg19_G4_v1,2,Node28/97,11,0.229166667,#DAD998,FG3,LTR2_c4,8,1,0.154685567
223,LTR2_g3,hg19,h_LTR2_g3,19,G4,PG1,LTR2,LTR2,3,G4 PG1,811,62,Step21_hg19_G4_v1,2,Node71/97,18,0.290322581,#74E84A,FG3,LTR2_c3,8,1,0.152319339
224,LTR2B_g5,hg19,h_LTR2B_g5,20,G4,PG4,LTR2,LTR2B,5,G4 PG4,307,11,Step21_hg19_G4_v1,2,Node3/100,1,0.090909091,#DD8979,FG4,LTR2B_c5,8,4,0.263656977
225,LTR2B_g3,hg19,h_LTR2B_g3,21,G4,PG4,LTR2,LTR2B,3,G4 PG4,307,20,Step21_hg19_G4_v1,2,Node1/,3,0.15,#81E1B2,FG4,LTR2B_c3,8,4,0.28638384
226,LTR2B_g2,hg19,h_LTR2B_g2,22,G4,PG4,LTR2,LTR2B,2,G4 PG4,307,21,Step21_hg19_G4_v1,2,Node11/97,0,0,#C0DA67,FG4,LTR2B_c2,8,4,0.362787699
227,LTR2B_g1,hg19,h_LTR2B_g1,23,G4,PG4,LTR2,LTR2B,1,G4 PG4,307,208,Step21_hg19_G4_v1,2,Node27/98,0,0,#B9D2CE,FG4,LTR2B_c1,8,4,0.437184919
228,LTR2B_g4,hg19,h_LTR2B_g4,24,G4,PG4,LTR2,LTR2B,4,G4 PG4,307,12,Step21_hg19_G4_v1,2,Node69/98,1,0.083333333,#AF9CD4,FG4,LTR2B_c4,8,4,0.435988262
229,11A|N17|28,hg19,11A_i,1,G5,PG1,MER11A,MER11A,1,G5 PG1,907,28,Step21_hg19_G5_v1,23,"Node17/98:MER11A(28,1)",13,0.464285714,#DC48E5,FG1,11A_c7,9,1,2.8076E-06
230,11A|N36|13,hg19,11A_k,2,G5,PG1,MER11A,MER11A,2,G5 PG1,907,13,Step21_hg19_G5_v1,23,"Node36/100:MER11A(13,1)",0,0,#81CFE1,FG1,11A_c15,9,1,0.051499654
231,11A|N8|303,hg19,11A_q,3,G5,PG1,MER11A,MER11A,3,G5 PG1,907,302,Step21_hg19_G5_v1,23,"Node8/99:MER11A(303,1)",152,0.501650165,#84E35C,FG1,11A_c1,9,1,0.020077549
232,11A|N53|22,hg19,11A_m,4,G5,PG1,MER11A,MER11A,4,G5 PG1,907,22,Step21_hg19_G5_v1,23,"Node53/99:MER11A(22,1)",7,0.318181818,#8240E1,FG1,11A_c9,9,1,0.037680774
233,11A|N55|14,hg19,11A_n,5,G5,PG1,MER11A,MER11A,5,G5 PG1,907,14,Step21_hg19_G5_v1,23,"Node55/98:MER11A(14,1)",5,0.357142857,#7F73D5,FG1,11A_c13,9,1,0.042847946
234,11A|N7|103,hg19,11A_p,6,G5,PG1,MER11A,MER11A,6,G5 PG1,907,103,Step21_hg19_G5_v1,23,"Node7/97:MER11A(103,1)",47,0.45631068,#DCC0D4,FG1,11A_c2,9,1,0.038068386
235,11A|N120|10,hg19,11A_a,7,G5,PG1,MER11A,MER11A,7,G5 PG1,907,10,Step21_hg19_G5_v1,23,"Node120/97:MER11A(10,1)",2,0.2,#D6DB49,FG1,11A_c16,9,1,0.051196613
236,11A|N6|102,hg19,11A_o,8,G5,PG1,MER11A,MER11A,8,G5 PG1,907,102,Step21_hg19_G5_v1,23,"Node6/100:MER11A(102,1)",40,0.392156863,#DC6F8D,FG1,11A_c3,9,1,0.051388323
237,11A|N91|17,hg19,11A_r,9,G5,PG1,MER11A,MER11A,9,G5 PG1,907,17,Step21_hg19_G5_v1,23,"Node91/99:MER11A(17,1)",10,0.588235294,#D8E08F,FG1,11A_c10,9,1,0.059693527
238,11A|N4|71,hg19,11A_l,10,G5,PG1,MER11A,MER11A,10,G5 PG1,907,71,Step21_hg19_G5_v1,23,"Node4/99:MER11A(71,1)",24,0.338028169,#7C9E64,FG1,11A_c4,9,1,0.06085317
239,11A|N147|25,hg19,11A_b,11,G5,PG2,MER11A,MER11A,11,G5 PG2,907,25,Step21_hg19_G5_v1,23,"Node147/100:MER11A(25,1)",9,0.36,#7FE7A4,FG2,11A_c8,9,2,0.093978327
240,11A|N148|10,hg19,11A_c,12,G5,PG2,MER11A,MER11A,12,G5 PG2,907,10,Step21_hg19_G5_v1,23,"Node148/100:MER11A(10,1)",6,0.6,#E78A45,FG2,11A_c17,9,2,0.100235764
241,11C|N37|11,hg19,11C_w,13,G5,PG2,MER11A,MER11C,1,G5 PG2,843,10,Step21_hg19_G5_v1,23,"Node37/98:MER11C(11,0.91)",6,0.545454545,#D6DF84,FG2,11C_c24,9,2,0.102969187
242,11A|N208|10,hg19,11A_j,14,G5,PG2,MER11A,MER11A,13,G5 PG2,907,10,Step21_hg19_G5_v1,23,"Node208/100:MER11A(10,1)",1,0.1,#77E6D2,FG2,11A_c18,9,2,0.152042114
243,11A|N151|53,hg19,11A_d,15,G5,PG2,MER11A,MER11A,14,G5 PG2,907,53,Step21_hg19_G5_v1,23,"Node151/97:MER11A(53,1)",20,0.377358491,#DFB28C,FG2,11A_c5,9,2,0.106737133
244,11B|N37|13,hg19,11B_i,16,G5,PG2,MER11A,MER11B,1,G5 PG2,508,12,Step21_hg19_G5_v1,23,"Node37/98:MER11B(13,0.92)",3,0.230769231,#DC88A3,FG2,11B_c17,9,2,0.122209126
245,11A|N152|31,hg19,11A_e,17,G5,PG2,MER11A,MER11A,15,G5 PG2,907,31,Step21_hg19_G5_v1,23,"Node152/98:MER11A(31,1)",11,0.35483871,#D5E6D4,FG2,11A_c6,9,2,0.123977893
246,11A|N154|14,hg19,11A_f,18,G5,PG2,MER11A,MER11A,16,G5 PG2,907,14,Step21_hg19_G5_v1,23,"Node154/99:MER11A(14,1)",5,0.357142857,#D59DDD,FG2,11A_c14,9,2,0.140367806
247,11A|N158|15,hg19,11A_g,19,G5,PG3,MER11A,MER11A,17,G5 PG3,907,15,Step21_hg19_G5_v1,23,"Node158/96:MER11A(15,1)",5,0.333333333,#D45CC0,FG3,11A_c11,9,3,0.172572796
248,11B|N27|20,hg19,11B_h,20,G5,PG3,MER11A,MER11B,2,G5 PG3,508,20,Step21_hg19_G5_v1,23,"Node27/96:MER11B(20,1)",6,0.3,#D1E595,FG3,11B_c11,9,3,0.166310034
249,11B|N26|14,hg19,11B_g,21,G5,PG3,MER11A,MER11B,3,G5 PG3,508,14,Step21_hg19_G5_v1,23,"Node26/100:MER11B(14,1)",7,0.5,#D4E6D4,FG3,11B_c13,9,3,0.179327355
250,11C|N31|10,hg19,11C_v,22,G5,PG3,MER11A,MER11C,2,G5 PG3,843,10,Step21_hg19_G5_v1,23,"Node31/98:MER11C(10,1)",0,0,#965D92,FG3,11C_c25,9,3,0.237268698
251,11A|N161|17,hg19,11A_h,23,G5,PG3,MER11A,MER11A,18,G5 PG3,907,15,Step21_hg19_G5_v1,23,"Node161/99:MER11A(17,0.88)",5,0.294117647,#87A8E3,FG3,11A_c12,9,3,0.198043674
252,11B|N57|14,hg19,11B_k,24,G5,PG3,MER11A,MER11B,4,G5 PG3,508,14,Step21_hg19_G5_v1,23,"Node57/98:MER11B(14,1)",0,0,#DB54DB,FG3,11B_c14,9,3,0.206602182
253,11B|N17|26,hg19,11B_f,25,G5,PG3,MER11A,MER11B,5,G5 PG3,508,26,Step21_hg19_G5_v1,23,"Node17/99:MER11B(26,1)",4,0.153846154,#7AE6C1,FG3,11B_c8,9,3,0.206656232
254,11B|N75|25,hg19,11B_n,26,G5,PG3,MER11A,MER11B,6,G5 PG3,508,25,Step21_hg19_G5_v1,23,"Node75/99:MER11B(25,1)",5,0.2,#70E371,FG3,11B_c9,9,3,0.232961738
255,11B|N92|10,hg19,11B_r,27,G5,PG3,MER11A,MER11B,7,G5 PG3,508,10,Step21_hg19_G5_v1,23,"Node92/99:MER11B(10,1)",1,0.1,#79838A,FG3,11B_c18,9,3,0.261473781
256,11B|N79|31,hg19,11B_o,28,G5,PG3,MER11A,MER11B,8,G5 PG3,508,31,Step21_hg19_G5_v1,23,"Node79/96:MER11B(31,1)",1,0.032258065,#81A4E3,FG3,11B_c5,9,3,0.24802425
257,11C|N18|13,hg19,11C_o,29,G5,PG3,MER11A,MER11C,3,G5 PG3,843,13,Step21_hg19_G5_v1,23,"Node18/100:MER11C(13,1)",0,0,#5D8A91,FG3,11C_c19,9,3,0.262885985
258,11B|N80|33,hg19,11B_q,30,G5,PG3,MER11A,MER11B,9,G5 PG3,508,33,Step21_hg19_G5_v1,23,"Node80/100:MER11B(33,1)",1,0.03030303,#7C9A62,FG3,11B_c3,9,3,0.276798088
259,11C|N23|21,hg19,11C_r,31,G5,PG3,MER11A,MER11C,4,G5 PG3,843,21,Step21_hg19_G5_v1,23,"Node23/100:MER11C(21,1)",0,0,#CEE348,FG3,11C_c11,9,3,0.276231587
260,11B|N14|19,hg19,11B_e,32,G5,PG4,MER11A,MER11B,10,G5 PG4,508,19,Step21_hg19_G5_v1,23,"Node14/97:MER11B(19,1)",8,0.421052632,#D7C2DB,FG4,11B_c12,9,4,0.252029016
261,11B|N11|33,hg19,11B_c,33,G5,PG4,MER11A,MER11B,11,G5 PG4,508,33,Step21_hg19_G5_v1,23,"Node11/99:MER11B(33,1)",5,0.151515152,#E56D52,FG4,11B_c4,9,4,0.254205496
262,11B|N10|47,hg19,11B_b,34,G5,PG4,MER11A,MER11B,12,G5 PG4,508,47,Step21_hg19_G5_v1,23,"Node10/96:MER11B(47,1)",2,0.042553191,#DEB457,FG4,11B_c2,9,4,0.269307416
263,11B|N8|13,hg19,11B_p,35,G5,PG4,MER11A,MER11B,13,G5 PG4,508,13,Step21_hg19_G5_v1,23,"Node8/100:MER11B(13,1)",0,0,#DEB595,FG4,11B_c16,9,4,0.281055217
264,11B|N7|29,hg19,11B_m,36,G5,PG4,MER11A,MER11B,14,G5 PG4,508,29,Step21_hg19_G5_v1,23,"Node7/100:MER11B(29,1)",0,0,#8C3EE4,FG4,11B_c6,9,4,0.287384164
265,11C|N7|87,hg19,11C_x,37,G5,PG4,MER11A,MER11C,5,G5 PG4,843,87,Step21_hg19_G5_v1,23,"Node7/98:MER11C(87,1)",1,0.011494253,#D7C3D5,FG4,11C_c2,9,4,0.28276542
266,11B|N133|14,hg19,11B_d,38,G5,PG4,MER11A,MER11B,15,G5 PG4,508,14,Step21_hg19_G5_v1,23,"Node133/100:MER11B(14,1)",0,0,#DB4D97,FG4,11B_c15,9,4,0.327634427
267,11B|N6|24,hg19,11B_l,39,G5,PG4,MER11A,MER11B,16,G5 PG4,508,24,Step21_hg19_G5_v1,23,"Node6/97:MER11B(24,1)",0,0,#7ED2E1,FG4,11B_c10,9,4,0.29140592
268,11C|N2|10,hg19,11C_q,40,G5,PG4,MER11A,MER11C,6,G5 PG4,843,10,Step21_hg19_G5_v1,23,"Node2/96:MER11C(10,1)",0,0,#AA2FED,FG4,11C_c26,9,4,0.309968709
269,11B|N5|73,hg19,11B_j,41,G5,PG4,MER11A,MER11B,17,G5 PG4,508,73,Step21_hg19_G5_v1,23,"Node5/96:MER11B(73,1)",0,0,#7D6ED1,FG4,11B_c1,9,4,0.30491421
270,11C|N1|148,hg19,11C_a,42,G5,PG4,MER11A,MER11C,7,G5 PG4,843,147,Step21_hg19_G5_v1,23,"Node1/:MER11C(148,0.99)",1,0.006756757,#DF48AB,FG4,11C_c1,9,4,0.304913134
271,11C|N86|11,hg19,11C_y,43,G5,PG4,MER11A,MER11C,8,G5 PG4,843,11,Step21_hg19_G5_v1,23,"Node86/99:MER11C(11,1)",0,0,#CFABE6,FG4,11C_c21,9,4,0.322262385
272,11B|N1|30,hg19,11B_a,44,G5,PG4,MER11A,MER11B,18,G5 PG4,508,27,Step21_hg19_G5_v1,23,"Node1/:MER11B(30,0.93)",0,0,#C6E54B,FG4,11B_c7,9,4,0.321358631
273,11C|N87|42,hg19,11C_z,45,G5,PG4,MER11A,MER11C,9,G5 PG4,843,42,Step21_hg19_G5_v1,23,"Node87/99:MER11C(42,1)",0,0,#978378,FG4,11C_c5,9,4,0.332360663
274,11C|N243|16,hg19,11C_t,46,G5,PG4,MER11A,MER11C,10,G5 PG4,843,15,Step21_hg19_G5_v1,23,"Node243/98:MER11C(16,0.94)",0,0,#63E7CC,FG4,11C_c16,9,4,0.337223451
275,11C|N94|32,hg19,11C_a2,47,G5,PG4,MER11A,MER11C,11,G5 PG4,843,32,Step21_hg19_G5_v1,23,"Node94/97:MER11C(32,1)",0,0,#B8E1BB,FG4,11C_c8,9,4,0.336995894
276,11C|N231|10,hg19,11C_s,48,G5,PG4,MER11A,MER11C,12,G5 PG4,843,10,Step21_hg19_G5_v1,23,"Node231/96:MER11C(10,1)",0,0,#E5A044,FG4,11C_c27,9,4,0.36058947
277,11C|N98|47,hg19,11C_b2,49,G5,PG4,MER11A,MER11C,13,G5 PG4,843,47,Step21_hg19_G5_v1,23,"Node98/99:MER11C(47,1)",0,0,#82D4E3,FG4,11C_c3,9,4,0.349514706
278,11C|N103|15,hg19,11C_c,50,G5,PG4,MER11A,MER11C,14,G5 PG4,843,15,Step21_hg19_G5_v1,23,"Node103/97:MER11C(15,1)",0,0,#7BE660,FG4,11C_c17,9,4,0.361186429
279,11C|N102|18,hg19,11C_b,51,G5,PG4,MER11A,MER11C,15,G5 PG4,843,18,Step21_hg19_G5_v1,23,"Node102/99:MER11C(18,1)",0,0,#E24AE2,FG4,11C_c13,9,4,0.361940077
280,11C|N107|20,hg19,11C_d,52,G5,PG4,MER11A,MER11C,16,G5 PG4,843,20,Step21_hg19_G5_v1,23,"Node107/100:MER11C(20,1)",0,0,#E1C998,FG4,11C_c12,9,4,0.374683554
281,11C|N108|38,hg19,11C_e,53,G5,PG4,MER11A,MER11C,17,G5 PG4,843,38,Step21_hg19_G5_v1,23,"Node108/97:MER11C(38,1)",0,0,#6F4BE1,FG4,11C_c7,9,4,0.376672184
282,11C|N114|17,hg19,11C_f,54,G5,PG4,MER11A,MER11C,18,G5 PG4,843,17,Step21_hg19_G5_v1,23,"Node114/96:MER11C(17,1)",0,0,#88E89F,FG4,11C_c14,9,4,0.376574131
283,11C|N115|12,hg19,11C_g,55,G5,PG4,MER11A,MER11C,19,G5 PG4,843,12,Step21_hg19_G5_v1,23,"Node115/98:MER11C(12,1)",0,0,#E681BA,FG4,11C_c20,9,4,0.378215753
284,11C|N117|40,hg19,11C_h,56,G5,PG4,MER11A,MER11C,20,G5 PG4,843,40,Step21_hg19_G5_v1,23,"Node117/100:MER11C(40,1)",0,0,#D7E6DF,FG4,11C_c6,9,4,0.38028455
285,11C|N183|11,hg19,11C_p,57,G5,PG4,MER11A,MER11C,21,G5 PG4,843,11,Step21_hg19_G5_v1,23,"Node183/99:MER11C(11,1)",0,0,#E296A8,FG4,11C_c22,9,4,0.410161543
286,11C|N118|45,hg19,11C_i,58,G5,PG4,MER11A,MER11C,22,G5 PG4,843,44,Step21_hg19_G5_v1,23,"Node118/100:MER11C(45,1)",0,0,#717EDF,FG4,11C_c4,9,4,0.406061293
287,11C|N119|16,hg19,11C_j,59,G5,PG4,MER11A,MER11C,23,G5 PG4,843,16,Step21_hg19_G5_v1,23,"Node119/96:MER11C(16,1)",0,0,#8D39A7,FG4,11C_c15,9,4,0.407830536
288,11C|N154|11,hg19,11C_n,60,G5,PG4,MER11A,MER11C,24,G5 PG4,843,11,Step21_hg19_G5_v1,23,"Node154/100:MER11C(11,1)",0,0,#83AEE4,FG4,11C_c23,9,4,0.417289021
289,11C|N147|14,hg19,11C_m,61,G5,PG4,MER11A,MER11C,25,G5 PG4,843,14,Step21_hg19_G5_v1,23,"Node147/96:MER11C(14,1)",0,0,#739C56,FG4,11C_c18,9,4,0.419320896
290,11C|N129|25,hg19,11C_k,62,G5,PG4,MER11A,MER11C,26,G5 PG4,843,25,Step21_hg19_G5_v1,23,"Node129/99:MER11C(25,1)",0,0,#E49E85,FG4,11C_c9,9,4,0.418944865
291,11C|N135|25,hg19,11C_l,63,G5,PG4,MER11A,MER11C,27,G5 PG4,843,25,Step21_hg19_G5_v1,23,"Node135/99:MER11C(25,1)",0,0,#D27EE9,FG4,11C_c10,9,4,0.426306429
292,LTR7C_g5,hg19,h_LTR7C_g5,1,G6,PG1,LTR7,LTR7C,5,G6 PG1,284,22,Step21_hg19_G6_v1,1,Node9/100,13,0.590909091,#7CDCD3,FG1,LTR7C_c5,1,1,0.108281713
293,LTR7B_g4,hg19,h_LTR7B_g4,2,G6,PG1,LTR7,LTR7B,4,G6 PG1,693,38,Step21_hg19_G6_v1,1,Node161/98,30,0.789473684,#B452DB,FG1,LTR7B_c4,1,1,0.189371467
294,LTR7B_g3,hg19,h_LTR7B_g3,3,G6,PG2,LTR7,LTR7B,3,G6 PG2,693,47,Step21_hg19_G6_v1,1,Node2/96,33,0.70212766,#8D9CD8,FG1,LTR7B_c3,1,2,0.122082575
295,LTR7B_g6,hg19,h_LTR7B_g6,4,G6,PG2,LTR7,LTR7B,6,G6 PG2,693,15,Step21_hg19_G6_v1,1,Node45/97,6,0.4,#87E468,FG1,LTR7B_c6,1,2,0.130269343
296,LTR7B_g1,hg19,h_LTR7B_g1,5,G6,PG2,LTR7,LTR7B,1,G6 PG2,693,439,Step21_hg19_G6_v1,1,Node5/98,177,0.403189066,#DC84C3,FG1,LTR7B_c1,1,2,0.126447508
297,LTR7B_g5,hg19,h_LTR7B_g5,6,G6,PG3,LTR7,LTR7B,5,G6 PG3,693,32,Step21_hg19_G6_v1,1,Node79/97,1,0.03125,#85DDCA,FG1,LTR7B_c5,1,3,0.156675783
298,LTR7B_g2,hg19,h_LTR7B_g2,7,G6,PG3,LTR7,LTR7B,2,G6 PG3,693,89,Step21_hg19_G6_v1,1,Node74/100,0,0,#D5D278,FG1,LTR7B_c2,1,3,0.149604374
299,LTR7B_g7,hg19,h_LTR7B_g7,8,G6,PG3,LTR7,LTR7B,7,G6 PG3,693,12,Step21_hg19_G6_v1,1,Node75/96,0,0,#D8806A,FG1,LTR7B_c7,1,3,0.161441352
300,LTR7C_g3,hg19,h_LTR7C_g3,9,G6,PG4,LTR7,LTR7C,3,G6 PG4,284,28,Step21_hg19_G6_v1,1,Node59/99,19,0.678571429,#C5D9A4,FG2,LTR7C_c3,1,4,0.149031937
301,LTR7C_g6,hg19,h_LTR7C_g6,10,G6,PG5,LTR7,LTR7C,6,G6 PG5,284,14,Step21_hg19_G6_v1,1,Node82/97,10,0.714285714,#B452DA,FG2,LTR7C_c6,1,5,0.164455978
302,LTR7C_g8,hg19,h_LTR7C_g8,11,G6,PG5,LTR7,LTR7C,8,G6 PG5,284,10,Step21_hg19_G6_v1,1,Node86/98,9,0.9,#8696D7,FG2,LTR7C_c8,1,5,0.157598088
303,LTR7C_g4,hg19,h_LTR7C_g4,12,G6,PG6,LTR7,LTR7C,4,G6 PG6,284,23,Step21_hg19_G6_v1,1,Node71/98,15,0.652173913,#CFC6CF,FG2,LTR7C_c4,1,6,0.192295362
304,LTR7C_g7,hg19,h_LTR7C_g7,13,G6,PG6,LTR7,LTR7C,7,G6 PG6,284,12,Step21_hg19_G6_v1,1,Node70/100,8,0.666666667,#7EE36C,FG2,LTR7C_c7,1,6,0.177673763
305,LTR7C_g2,hg19,h_LTR7C_g2,14,G6,PG7,LTR7,LTR7C,2,G6 PG7,284,47,Step21_hg19_G6_v1,1,Node21/100,34,0.723404255,#D88269,FG3,LTR7C_c2,1,7,0.103623469
306,LTR7_g9,hg19,h_LTR7_g9,15,G6,PG8,LTR7,LTR7,9,G6 PG8,2268,13,Step21_hg19_G6_v1,1,Node395/98,9,0.692307692,#B2E9BA,FG3,LTR7_c9,1,8,0.158983002
307,LTR7C_g1,hg19,h_LTR7C_g1,16,G6,PG8,LTR7,LTR7C,1,G6 PG8,284,85,Step21_hg19_G6_v1,1,Node25/98,58,0.682352941,#DAD25C,FG3,LTR7C_c1,1,8,0.164766446
308,LTR7_g12,hg19,h_LTR7_g12,17,G6,PG8,LTR7,LTR7,12,G6 PG8,2268,12,Step21_hg19_G6_v1,1,Node396/100,1,0.083333333,#D1C8E4,FG3,LTR7_c12,1,8,0.194495246
309,LTR7_g13,hg19,h_LTR7_g13,18,G6,PG8,LTR7,LTR7,13,G6 PG8,2268,12,Step21_hg19_G6_v1,1,Node457/98,7,0.583333333,#84D8E3,FG3,LTR7_c13,1,8,0.156476655
310,LTR7Y_g3,hg19,h_LTR7Y_g3,19,G6,PG8,LTR7,LTR7Y,3,G6 PG8,198,12,Step21_hg19_G6_v1,1,Node38/100,9,0.75,#A3D1D2,FG3,LTR7Y_c3,1,8,0.170370314
311,LTR7_g16,hg19,h_LTR7_g16,20,G6,PG9,LTR7,LTR7,16,G6 PG9,2268,10,Step21_hg19_G6_v1,1,Node406/99,0,0,#DB5D5D,FG5,LTR7_c16,1,9,0.190823631
312,LTR7_g1,hg19,h_LTR7_g1,21,G6,PG9,LTR7,LTR7,1,G6 PG9,2268,1436,Step21_hg19_G6_v1,1,Node1/,285,0.198467967,#D5A151,FG5,LTR7_c1,1,9,0.175726286
313,LTR7_g18,hg19,h_LTR7_g18,22,G6,PG9,LTR7,LTR7,18,G6 PG9,2268,10,Step21_hg19_G6_v1,1,Node77/99,0,0,#5AD67F,FG5,LTR7_c18,1,9,0.217723787
314,LTR7_g11,hg19,h_LTR7_g11,23,G6,PG9,LTR7,LTR7,11,G6 PG9,2268,12,Step21_hg19_G6_v1,1,Node115/96,0,0,#5FE7CC,FG5,LTR7_c11,1,9,0.202238712
315,LTR7_g6,hg19,h_LTR7_g6,24,G6,PG9,LTR7,LTR7,6,G6 PG9,2268,20,Step21_hg19_G6_v1,1,Node154/98,0,0,#B1E779,FG5,LTR7_c6,1,9,0.213596843
316,LTR7_g14,hg19,h_LTR7_g14,25,G6,PG9,LTR7,LTR7,14,G6 PG9,2268,12,Step21_hg19_G6_v1,1,Node65/99,0,0,#D9DF4E,FG5,LTR7_c14,1,9,0.19841436
317,LTR7_g10,hg19,h_LTR7_g10,26,G6,PG9,LTR7,LTR7,10,G6 PG9,2268,13,Step21_hg19_G6_v1,1,Node56/97,0,0,#7F9781,FG6,LTR7_c10,1,9,0.208807373
318,LTR7_g5,hg19,h_LTR7_g5,27,G6,PG9,LTR7,LTR7,5,G6 PG9,2268,24,Step21_hg19_G6_v1,1,Node2/96,1,0.041666667,#DC5AC5,FG6,LTR7_c5,1,9,0.204187073
319,LTR7_g7,hg19,h_LTR7_g7,28,G6,PG9,LTR7,LTR7,7,G6 PG9,2268,18,Step21_hg19_G6_v1,1,Node399/97,0,0,#7C9DD0,FG6,LTR7_c7,1,9,0.202684855
320,LTR7_g17,hg19,h_LTR7_g17,29,G6,PG9,LTR7,LTR7,17,G6 PG9,2268,10,Step21_hg19_G6_v1,1,Node482/97,6,0.6,#D492D3,FG6,LTR7_c17,1,9,0.218687554
321,LTR7_g4,hg19,h_LTR7_g4,30,G6,PG10,LTR7,LTR7,4,G6 PG10,2268,45,Step21_hg19_G6_v1,1,Node419/100,0,0,#76EB41,FG3,LTR7_c4,1,10,0.231614646
322,LTR7Y_g1,hg19,h_LTR7Y_g1,31,G6,PG10,LTR7,LTR7Y,1,G6 PG10,198,98,Step21_hg19_G6_v1,1,Node19/100,0,0,#DC9697,FG3,LTR7Y_c1,1,10,0.236425201
323,LTR7Y_g2,hg19,h_LTR7Y_g2,32,G6,PG11,LTR7,LTR7Y,2,G6 PG11,198,84,Step21_hg19_G6_v1,1,Node2/100,2,0.023809524,#B6DB77,FG4,LTR7Y_c2,1,11,0.283642264
324,LTR7_g15,hg19,h_LTR7_g15,33,G6,PG12,LTR7,LTR7,15,G6 PG12,2268,10,Step21_hg19_G6_v1,1,Node217/97,0,0,#DBDB92,FG5,LTR7_c15,1,12,0.218871521
325,LTR7_g3,hg19,h_LTR7_g3,34,G6,PG12,LTR7,LTR7,3,G6 PG12,2268,85,Step21_hg19_G6_v1,1,Node219/96,0,0,#E0A2A3,FG7,LTR7_c3,1,12,0.223823814
326,LTR7_g2,hg19,h_LTR7_g2,35,G6,PG12,LTR7,LTR7,2,G6 PG12,2268,509,Step21_hg19_G6_v1,1,Node218/99,1,0.001964637,#7F70D8,FG7,LTR7_c2,1,12,0.235028977
327,LTR7_g8,hg19,h_LTR7_g8,36,G6,PG12,LTR7,LTR7,8,G6 PG12,2268,16,Step21_hg19_G6_v1,1,Node247/97,0,0,#DADFCD,FG7,LTR7_c8,1,12,0.235087515
328,LTR13A_g2,hg19,h_LTR13A_g2,1,G8,PG1,LTR13,LTR13A,2,G8 PG1,169,57,Step21_hg19_G8_v1,2,Node1/,41,0.719298246,#A7DAC8,FG1,LTR13A_c2,14,1,0.064992425
329,LTR13A_g1,hg19,h_LTR13A_g1,2,G8,PG1,LTR13,LTR13A,1,G8 PG1,169,85,Step21_hg19_G8_v1,2,Node2/97,48,0.564705882,#B3DE6E,FG1,LTR13A_c1,14,1,0.080965129
330,LTR13A_g4,hg19,h_LTR13A_g4,3,G8,PG1,LTR13,LTR13A,4,G8 PG1,169,10,Step21_hg19_G8_v1,2,Node15/97,6,0.6,#B3A5D5,FG1,LTR13A_c4,14,1,0.082110263
331,LTR13A_g3,hg19,h_LTR13A_g3,4,G8,PG2,LTR13,LTR13A,3,G8 PG2,169,14,Step21_hg19_G8_v1,2,Node40/96,5,0.357142857,#BE5CD3,FG1,LTR13A_c3,14,2,0.059449948
332,LTR13_g11,hg19,h_LTR13_g11,5,G8,PG2,LTR13,LTR13,11,G8 PG2,446,10,Step21_hg19_G8_v1,2,Node124/100,3,0.3,#D1E060,FG2,LTR13_c11,14,2,0.065105249
333,LTR13_g6,hg19,h_LTR13_g6,6,G8,PG2,LTR13,LTR13,6,G8 PG2,446,15,Step21_hg19_G8_v1,2,Node121/100,9,0.6,#69DA94,FG2,LTR13_c6,14,2,0.096470996
334,LTR13__g1,hg19,h_LTR13__g1,7,G8,PG2,LTR13,LTR13_,1,G8 PG2,42,35,Step21_hg19_G8_v1,2,Node6/96,16,0.457142857,#C082C8,FG2,LTR13__c1,14,2,0.104612795
335,LTR13_g4,hg19,h_LTR13_g4,8,G8,PG2,LTR13,LTR13,4,G8 PG2,446,32,Step21_hg19_G8_v1,2,Node120/98,19,0.59375,#82E1DA,FG2,LTR13_c4,14,2,0.118172202
336,LTR13_g5,hg19,h_LTR13_g5,9,G8,PG3,LTR13,LTR13,5,G8 PG3,446,32,Step21_hg19_G8_v1,2,Node4/98,8,0.25,#B345E3,FG3,LTR13_c5,14,3,0.155955332
337,LTR13_g8,hg19,h_LTR13_g8,10,G8,PG3,LTR13,LTR13,8,G8 PG3,446,11,Step21_hg19_G8_v1,2,Node155/97,3,0.272727273,#DB605E,FG3,LTR13_c8,14,3,0.168976703
338,LTR13_g1,hg19,h_LTR13_g1,11,G8,PG3,LTR13,LTR13,1,G8 PG3,446,191,Step21_hg19_G8_v1,2,Node5/97,1,0.005235602,#86AACC,FG5,LTR13_c1,14,3,0.182606982
339,LTR13_g7,hg19,h_LTR13_g7,12,G8,PG3,LTR13,LTR13,7,G8 PG3,446,12,Step21_hg19_G8_v1,2,Node22/97,0,0,#DA6AC7,FG5,LTR13_c7,14,3,0.202777413
340,LTR13_g9,hg19,h_LTR13_g9,13,G8,PG3,LTR13,LTR13,9,G8 PG3,446,11,Step21_hg19_G8_v1,2,Node24/100,0,0,#867CD9,FG5,LTR13_c9,14,3,0.219089524
341,LTR13_g12,hg19,h_LTR13_g12,14,G8,PG3,LTR13,LTR13,12,G8 PG3,446,10,Step21_hg19_G8_v1,2,Node41/97,0,0,#76E84B,FG4,LTR13_c12,14,3,0.203628628
342,LTR13_g10,hg19,h_LTR13_g10,15,G8,PG3,LTR13,LTR13,10,G8 PG3,446,11,Step21_hg19_G8_v1,2,Node42/98,0,0,#D5A263,FG4,LTR13_c10,14,3,0.207608478
343,LTR13_g2,hg19,h_LTR13_g2,16,G8,PG3,LTR13,LTR13,2,G8 PG3,446,45,Step21_hg19_G8_v1,2,Node44/96,0,0,#D6D4CD,FG4,LTR13_c2,14,3,0.210071937
344,LTR13_g3,hg19,h_LTR13_g3,17,G8,PG3,LTR13,LTR13,3,G8 PG3,446,37,Step21_hg19_G8_v1,2,Node50/99,1,0.027027027,#DCA4C7,FG4,LTR13_c3,14,3,0.233951451
345,LTR56_g5,hg19,h_LTR56_g5,1,G9,PG1,LTR23,LTR56,5,G9 PG1,622,26,Step21_hg19_G9_v1,5,Node54/100,24,0.923076923,#D5D077,FG2,LTR56_c5,5,1,0.022154034
346,LTR23_g1,hg19,h_LTR23_g1,2,G9,PG2,LTR23,LTR23,1,G9 PG2,360,353,Step21_hg19_G9_v1,5,Node4/97,311,0.88101983,#B7D3A2,FG3,LTR23_c1,5,2,0.163599987
347,LTR70_g1,hg19,h_LTR70_g1,3,G9,PG3,LTR23,LTR70,1,G9 PG3,105,33,Step21_hg19_G9_v1,5,Node14/100,7,0.212121212,#B66ED6,FG1,LTR70_c1,5,3,0.262847716
348,LTR70_g2,hg19,h_LTR70_g2,4,G9,PG3,LTR23,LTR70,2,G9 PG3,105,32,Step21_hg19_G9_v1,5,Node13/99,18,0.5625,#DC9697,FG1,LTR70_c2,5,3,0.343955888
349,LTR70_g3,hg19,h_LTR70_g3,5,G9,PG3,LTR23,LTR70,3,G9 PG3,105,15,Step21_hg19_G9_v1,5,Node10/100,5,0.333333333,#A3D1D2,FG1,LTR70_c3,5,3,0.416483609
350,LTR56_g1,hg19,h_LTR56_g1,6,G9,PG1,LTR23,LTR56,1,G9 PG1,622,306,Step21_hg19_G9_v1,5,Node16/99,246,0.803921569,#BE5AD6,FG2,LTR56_c1,5,1,0.085759174
351,LTR56_g4,hg19,h_LTR56_g4,7,G9,PG4,LTR23,LTR56,4,G9 PG4,622,31,Step21_hg19_G9_v1,5,Node103/97,0,0,#D1CFCA,FG2,LTR56_c4,5,4,0.233872689
352,LTR56_g3,hg19,h_LTR56_g3,8,G9,PG5,LTR23,LTR56,3,G9 PG5,622,58,Step21_hg19_G9_v1,5,Node1/,52,0.896551724,#82DCCB,FG4,LTR56_c3,5,5,0.261190346
353,LTR56_g2,hg19,h_LTR56_g2,9,G9,PG6,LTR23,LTR56,2,G9 PG6,622,179,Step21_hg19_G9_v1,5,Node13/100,162,0.905027933,#A89CD5,FG4,LTR56_c2,5,6,0.204816493
354,LTR56_g6,hg19,h_LTR56_g6,10,G9,PG6,LTR23,LTR56,6,G9 PG6,622,20,Step21_hg19_G9_v1,5,Node14/97,18,0.9,#DC7E79,FG4,LTR56_c6,5,6,0.213260032