"","label.final","cluster.final","label","edgeID","parent","node","branch.length","Order","edgeOrder","node.order","node.bootstrap","TEfamily","species","cluster.color","branch.length.ToKeptNode","is_removed","node.info_1","node.info_2","TEfamily.representative","count","perC","consensus.name","is_consensus"
"1","Node10/96:MER11D(158,1)","Node10/96","T_2511","256 40",256,40,0.0520518815,40,57,NA,NA,"MER11D","hg19","#BCD76F",0.7052861425,"kept","Node10","96","MER11D","158","158","11D|N10|158","instance"
"2","Node10/96:MER11D(158,1)","Node10/96","T_2384","256 157",256,157,0.0350619093,157,190,NA,NA,"MER11D","hg19","#BCD76F",0.6882961703,"kept","Node10","96","MER11D","158","158","11D|N10|158","instance"
"3","Node10/96:MER11D(158,1)","Node10/96","T_2381","256 159",256,159,0.0373594389,159,192,NA,NA,"MER11D","hg19","#BCD76F",0.6905936999,"kept","Node10","96","MER11D","158","158","11D|N10|158","instance"
"4","Node10/96:MER11D(158,1)","Node10/96","MER11D","274 79",274,79,2.7648e-06,79,106,NA,NA,"MER11D","Ancient","#BCD76F",0.6646026034,"kept","Node10","96","MER11D","158","158","11D|N10|158","consensus"
"5","Node10/96:MER11D(158,1)","Node10/96","T_2392","256 118",256,118,0.0401620971,118,150,NA,NA,"MER11D","hg19","#BCD76F",0.6933963581,"kept","Node10","96","MER11D","158","158","11D|N10|158","instance"
"6","Node10/96:MER11D(158,1)","Node10/96","T_2422","256 104",256,104,0.0286521258,104,133,NA,NA,"MER11D","hg19","#BCD76F",0.6818863868,"kept","Node10","96","MER11D","158","158","11D|N10|158","instance"
"7","Node10/96:MER11D(158,1)","Node10/96","T_2427","256 48",256,48,0.0284313014,48,67,NA,NA,"MER11D","hg19","#BCD76F",0.6816655624,"kept","Node10","96","MER11D","158","158","11D|N10|158","instance"
"8","Node10/96:MER11D(158,1)","Node10/96","T_2437","275 91",275,91,0.0269048146,91,119,NA,NA,"MER11D","hg19","#BCD76F",0.695882561,"kept","Node10","96","MER11D","158","158","11D|N10|158","instance"
"9","Node10/96:MER11D(158,1)","Node10/96","T_2396","256 31",256,31,0.0407913155,31,47,NA,NA,"MER11D","hg19","#BCD76F",0.6940255765,"kept","Node10","96","MER11D","158","158","11D|N10|158","instance"
"10","Node10/96:MER11D(158,1)","Node10/96","T_2524","256 124",256,124,0.0286927749,124,157,NA,NA,"MER11D","hg19","#BCD76F",0.6819270359,"kept","Node10","96","MER11D","158","158","11D|N10|158","instance"
"11","Node10/96:MER11D(158,1)","Node10/96","T_2436","256 87",256,87,0.0487077419,87,114,NA,NA,"MER11D","hg19","#BCD76F",0.7019420029,"kept","Node10","96","MER11D","158","158","11D|N10|158","instance"
"12","Node10/96:MER11D(158,1)","Node10/96","T_2399","278 113",278,113,0.0123977968,113,144,NA,NA,"MER11D","hg19","#BCD76F",0.6840940122,"kept","Node10","96","MER11D","158","158","11D|N10|158","instance"
"13","Node10/96:MER11D(158,1)","Node10/96","T_2387","256 23",256,23,0.045316726,23,38,NA,NA,"MER11D","hg19","#BCD76F",0.698550987,"kept","Node10","96","MER11D","158","158","11D|N10|158","instance"
"14","Node10/96:MER11D(158,1)","Node10/96","T_2397","256 156",256,156,0.0442667208,156,189,NA,NA,"MER11D","hg19","#BCD76F",0.6975009818,"kept","Node10","96","MER11D","158","158","11D|N10|158","instance"
"15","Node10/96:MER11D(158,1)","Node10/96","T_2406","256 133",256,133,0.0417340504,133,166,NA,NA,"MER11D","hg19","#BCD76F",0.6949683114,"kept","Node10","96","MER11D","158","158","11D|N10|158","instance"
"16","Node10/96:MER11D(158,1)","Node10/96","T_2449","256 85",256,85,0.0354113643,85,112,NA,NA,"MER11D","hg19","#BCD76F",0.6886456253,"kept","Node10","96","MER11D","158","158","11D|N10|158","instance"
"17","Node10/96:MER11D(158,1)","Node10/96","T_2391","256 77",256,77,0.0421249496,77,103,NA,NA,"MER11D","hg19","#BCD76F",0.6953592106,"kept","Node10","96","MER11D","158","158","11D|N10|158","instance"
"18","Node10/96:MER11D(158,1)","Node10/96","T_2405","256 109",256,109,0.0234243095,109,138,NA,NA,"MER11D","hg19","#BCD76F",0.6766585705,"kept","Node10","96","MER11D","158","158","11D|N10|158","instance"
"19","Node10/96:MER11D(158,1)","Node10/96","T_2452","261 17",261,17,0.0192343145,17,31,NA,NA,"MER11D","hg19","#BCD76F",0.6827722569,"kept","Node10","96","MER11D","158","158","11D|N10|158","instance"
"20","Node10/96:MER11D(158,1)","Node10/96","T_2385","256 74",256,74,0.036372177,74,99,NA,NA,"MER11D","hg19","#BCD76F",0.689606438,"kept","Node10","96","MER11D","158","158","11D|N10|158","instance"
"21","Node10/96:MER11D(158,1)","Node10/96","T_2408","256 108",256,108,0.0403231745,108,137,NA,NA,"MER11D","hg19","#BCD76F",0.6935574355,"kept","Node10","96","MER11D","158","158","11D|N10|158","instance"
"22","Node10/96:MER11D(158,1)","Node10/96","T_2451","256 36",256,36,0.0314648819,36,53,NA,NA,"MER11D","hg19","#BCD76F",0.6846991429,"kept","Node10","96","MER11D","158","158","11D|N10|158","instance"
"23","Node10/96:MER11D(158,1)","Node10/96","T_2414","256 72",256,72,0.0305639179,72,97,NA,NA,"MER11D","hg19","#BCD76F",0.6837981789,"kept","Node10","96","MER11D","158","158","11D|N10|158","instance"
"24","Node10/96:MER11D(158,1)","Node10/96","T_2402","256 144",256,144,0.0450415084,144,177,NA,NA,"MER11D","hg19","#BCD76F",0.6982757694,"kept","Node10","96","MER11D","158","158","11D|N10|158","instance"
"25","Node10/96:MER11D(158,1)","Node10/96","T_2412","256 123",256,123,0.0278315198,123,156,NA,NA,"MER11D","hg19","#BCD76F",0.6810657808,"kept","Node10","96","MER11D","158","158","11D|N10|158","instance"
"26","Node10/96:MER11D(158,1)","Node10/96","T_2455","282 162",282,162,0.0971489319,162,197,NA,NA,"MER11D","hg19","#BCD76F",0.8074711806,"kept","Node10","96","MER11D","158","158","11D|N10|158","instance"
"27","Node10/96:MER11D(158,1)","Node10/96","T_2419","256 13",256,13,0.0516559356,13,24,NA,NA,"MER11D","hg19","#BCD76F",0.7048901966,"kept","Node10","96","MER11D","158","158","11D|N10|158","instance"
"28","Node10/96:MER11D(158,1)","Node10/96","T_2434","256 127",256,127,0.0268282279,127,160,NA,NA,"MER11D","hg19","#BCD76F",0.6800624889,"kept","Node10","96","MER11D","158","158","11D|N10|158","instance"
"29","Node10/96:MER11D(158,1)","Node10/96","T_2593","256 125",256,125,0.0586657531,125,158,NA,NA,"MER11D","hg19","#BCD76F",0.7119000141,"kept","Node10","96","MER11D","158","158","11D|N10|158","instance"
"30","Node10/96:MER11D(158,1)","Node10/96","T_2404","256 6",256,6,0.0289848607,6,15,NA,NA,"MER11D","hg19","#BCD76F",0.6822191217,"kept","Node10","96","MER11D","158","158","11D|N10|158","instance"
"31","Node10/96:MER11D(158,1)","Node10/96","T_2423","260 14",260,14,0.0274371985,14,27,NA,NA,"MER11D","hg19","#BCD76F",0.6927675494,"kept","Node10","96","MER11D","158","158","11D|N10|158","instance"
"32","Node10/96:MER11D(158,1)","Node10/96","T_2383","256 136",256,136,0.0477746032,136,169,NA,NA,"MER11D","hg19","#BCD76F",0.7010088642,"kept","Node10","96","MER11D","158","158","11D|N10|158","instance"
"33","Node10/96:MER11D(158,1)","Node10/96","T_2425","275 97",275,97,0.0478729314,97,125,NA,NA,"MER11D","hg19","#BCD76F",0.7168506778,"kept","Node10","96","MER11D","158","158","11D|N10|158","instance"
"34","Node10/96:MER11D(158,1)","Node10/96","T_2594","256 137",256,137,0.0289110668,137,170,NA,NA,"MER11D","hg19","#BCD76F",0.6821453278,"kept","Node10","96","MER11D","158","158","11D|N10|158","instance"
"35","Node10/96:MER11D(158,1)","Node10/96","T_2471","260 16",260,16,0.0371234786,16,29,NA,NA,"MER11D","hg19","#BCD76F",0.7024538295,"kept","Node10","96","MER11D","158","158","11D|N10|158","instance"
"36","Node10/96:MER11D(158,1)","Node10/96","T_2429","256 150",256,150,0.0397101604,150,183,NA,NA,"MER11D","hg19","#BCD76F",0.6929444214,"kept","Node10","96","MER11D","158","158","11D|N10|158","instance"
"37","Node10/96:MER11D(158,1)","Node10/96","T_2388","267 54",267,54,0.0223217601,54,74,NA,NA,"MER11D","hg19","#BCD76F",0.6885584872,"kept","Node10","96","MER11D","158","158","11D|N10|158","instance"
"38","Node10/96:MER11D(158,1)","Node10/96","T_2426","265 43",265,43,0.0205694284,43,62,NA,NA,"MER11D","hg19","#BCD76F",0.6807805011,"kept","Node10","96","MER11D","158","158","11D|N10|158","instance"
"39","Node10/96:MER11D(158,1)","Node10/96","T_2507","256 69",256,69,0.0450179394,69,93,NA,NA,"MER11D","hg19","#BCD76F",0.6982522004,"kept","Node10","96","MER11D","158","158","11D|N10|158","instance"
"40","Node10/96:MER11D(158,1)","Node10/96","T_2479","256 60",256,60,0.0413064317,60,82,NA,NA,"MER11D","hg19","#BCD76F",0.6945406927,"kept","Node10","96","MER11D","158","158","11D|N10|158","instance"
"41","Node10/96:MER11D(158,1)","Node10/96","T_2447","257 12",257,12,0.0186935696,12,23,NA,NA,"MER11D","hg19","#BCD76F",0.7099661419,"kept","Node10","96","MER11D","158","158","11D|N10|158","instance"
"42","Node10/96:MER11D(158,1)","Node10/96","T_2565","256 37",256,37,0.0327667527,37,54,NA,NA,"MER11D","hg19","#BCD76F",0.6860010137,"kept","Node10","96","MER11D","158","158","11D|N10|158","instance"
"43","Node10/96:MER11D(158,1)","Node10/96","T_2482","258 11",258,11,0.0143042869,11,22,NA,NA,"MER11D","hg19","#BCD76F",0.7179837901,"kept","Node10","96","MER11D","158","158","11D|N10|158","instance"
"44","Node10/96:MER11D(158,1)","Node10/96","T_2526","276 101",276,101,0.0341402058,101,130,NA,NA,"MER11D","hg19","#BCD76F",0.697671599,"kept","Node10","96","MER11D","158","158","11D|N10|158","instance"
"45","Node10/96:MER11D(158,1)","Node10/96","T_2484","275 96",275,96,0.0275786306,96,124,NA,NA,"MER11D","hg19","#BCD76F",0.696556377,"kept","Node10","96","MER11D","158","158","11D|N10|158","instance"
"46","Node10/96:MER11D(158,1)","Node10/96","T_2439","256 29",256,29,0.0488623796,29,45,NA,NA,"MER11D","hg19","#BCD76F",0.7020966406,"kept","Node10","96","MER11D","158","158","11D|N10|158","instance"
"47","Node10/96:MER11D(158,1)","Node10/96","T_2398","278 112",278,112,0.0069490227,112,143,NA,NA,"MER11D","hg19","#BCD76F",0.6786452381,"kept","Node10","96","MER11D","158","158","11D|N10|158","instance"
"48","Node10/96:MER11D(158,1)","Node10/96","T_2487","273 75",273,75,0.0135851302,75,101,NA,NA,"MER11D","hg19","#BCD76F",0.6936609367,"kept","Node10","96","MER11D","158","158","11D|N10|158","instance"
"49","Node10/96:MER11D(158,1)","Node10/96","T_2400","264 33",264,33,0.0479165316,33,50,NA,NA,"MER11D","hg19","#BCD76F",0.7039606321,"kept","Node10","96","MER11D","158","158","11D|N10|158","instance"
"50","Node10/96:MER11D(158,1)","Node10/96","T_2401","256 63",256,63,0.0442733031,63,85,NA,NA,"MER11D","hg19","#BCD76F",0.6975075641,"kept","Node10","96","MER11D","158","158","11D|N10|158","instance"
"51","Node10/96:MER11D(158,1)","Node10/96","T_2390","256 155",256,155,0.0409078776,155,188,NA,NA,"MER11D","hg19","#BCD76F",0.6941421386,"kept","Node10","96","MER11D","158","158","11D|N10|158","instance"
"52","Node10/96:MER11D(158,1)","Node10/96","T_2432","256 122",256,122,0.0303745444,122,155,NA,NA,"MER11D","hg19","#BCD76F",0.6836088054,"kept","Node10","96","MER11D","158","158","11D|N10|158","instance"
"53","Node10/96:MER11D(158,1)","Node10/96","T_2446","257 9",257,9,0.0306257225,9,19,NA,NA,"MER11D","hg19","#BCD76F",0.7218982948,"kept","Node10","96","MER11D","158","158","11D|N10|158","instance"
"54","Node10/96:MER11D(158,1)","Node10/96","T_2508","256 19",256,19,0.0420636737,19,33,NA,NA,"MER11D","hg19","#BCD76F",0.6952979347,"kept","Node10","96","MER11D","158","158","11D|N10|158","instance"
"55","Node10/96:MER11D(158,1)","Node10/96","T_2448","258 10",258,10,0.0098159314,10,21,NA,NA,"MER11D","hg19","#BCD76F",0.7134954346,"kept","Node10","96","MER11D","158","158","11D|N10|158","instance"
"56","Node10/96:MER11D(158,1)","Node10/96","T_2495","256 143",256,143,0.0281462996,143,176,NA,NA,"MER11D","hg19","#BCD76F",0.6813805606,"kept","Node10","96","MER11D","158","158","11D|N10|158","instance"
"57","Node10/96:MER11D(158,1)","Node10/96","T_2450","256 28",256,28,0.0368101929,28,44,NA,NA,"MER11D","hg19","#BCD76F",0.6900444539,"kept","Node10","96","MER11D","158","158","11D|N10|158","instance"
"58","Node10/96:MER11D(158,1)","Node10/96","T_2497","274 80",274,80,0.0336221742,80,107,NA,NA,"MER11D","hg19","#BCD76F",0.6982220128,"kept","Node10","96","MER11D","158","158","11D|N10|158","instance"
"59","Node10/96:MER11D(158,1)","Node10/96","T_2498","256 100",256,100,0.0364179478,100,128,NA,NA,"MER11D","hg19","#BCD76F",0.6896522088,"kept","Node10","96","MER11D","158","158","11D|N10|158","instance"
"60","Node10/96:MER11D(158,1)","Node10/96","T_2411","275 89",275,89,0.0245912571,89,117,NA,NA,"MER11D","hg19","#BCD76F",0.6935690035,"kept","Node10","96","MER11D","158","158","11D|N10|158","instance"
"61","Node10/96:MER11D(158,1)","Node10/96","T_2454","282 161",282,161,0.1191632835,161,196,NA,NA,"MER11D","hg19","#BCD76F",0.8294855322,"kept","Node10","96","MER11D","158","158","11D|N10|158","instance"
"62","Node10/96:MER11D(158,1)","Node10/96","T_2502","279 115",279,115,0.0207787123,115,147,NA,NA,"MER11D","hg19","#BCD76F",0.6828878069,"kept","Node10","96","MER11D","158","158","11D|N10|158","instance"
"63","Node10/96:MER11D(158,1)","Node10/96","T_2456","281 163",281,163,0.1227371839,163,198,NA,NA,"MER11D","hg19","#BCD76F",0.8289197466,"kept","Node10","96","MER11D","158","158","11D|N10|158","instance"
"64","Node10/96:MER11D(158,1)","Node10/96","T_2490","256 98",256,98,0.0308044314,98,126,NA,NA,"MER11D","hg19","#BCD76F",0.6840386924,"kept","Node10","96","MER11D","158","158","11D|N10|158","instance"
"65","Node10/96:MER11D(158,1)","Node10/96","T_2632","269 57",269,57,2.5259e-06,57,79,NA,NA,"MER11D","hg19","#BCD76F",0.7125092049,"kept","Node10","96","MER11D","158","158","11D|N10|158","instance"
"66","Node10/96:MER11D(158,1)","Node10/96","T_2549","260 15",260,15,0.0282660803,15,28,NA,NA,"MER11D","hg19","#BCD76F",0.6935964312,"kept","Node10","96","MER11D","158","158","11D|N10|158","instance"
"67","Node10/96:MER11D(158,1)","Node10/96","T_2522","256 152",256,152,0.0291043474,152,185,NA,NA,"MER11D","hg19","#BCD76F",0.6823386084,"kept","Node10","96","MER11D","158","158","11D|N10|158","instance"
"68","Node10/96:MER11D(158,1)","Node10/96","T_2523","256 117",256,117,0.0441219261,117,149,NA,NA,"MER11D","hg19","#BCD76F",0.6973561871,"kept","Node10","96","MER11D","158","158","11D|N10|158","instance"
"69","Node10/96:MER11D(158,1)","Node10/96","T_2606","256 81",256,81,0.0341210323,81,108,NA,NA,"MER11D","hg19","#BCD76F",0.6873552933,"kept","Node10","96","MER11D","158","158","11D|N10|158","instance"
"70","Node10/96:MER11D(158,1)","Node10/96","T_2637","256 138",256,138,0.0485121217,138,171,NA,NA,"MER11D","hg19","#BCD76F",0.7017463827,"kept","Node10","96","MER11D","158","158","11D|N10|158","instance"
"71","Node10/96:MER11D(158,1)","Node10/96","T_2466","256 154",256,154,0.0728175968,154,187,NA,NA,"MER11D","hg19","#BCD76F",0.7260518578,"kept","Node10","96","MER11D","158","158","11D|N10|158","instance"
"72","Node10/96:MER11D(158,1)","Node10/96","T_2514","256 61",256,61,0.034019872,61,83,NA,NA,"MER11D","hg19","#BCD76F",0.687254133,"kept","Node10","96","MER11D","158","158","11D|N10|158","instance"
"73","Node10/96:MER11D(158,1)","Node10/96","T_2515","261 18",261,18,0.0458490747,18,32,NA,NA,"MER11D","hg19","#BCD76F",0.7093870171,"kept","Node10","96","MER11D","158","158","11D|N10|158","instance"
"74","Node10/96:MER11D(158,1)","Node10/96","T_2516","256 132",256,132,0.0420720701,132,165,NA,NA,"MER11D","hg19","#BCD76F",0.6953063311,"kept","Node10","96","MER11D","158","158","11D|N10|158","instance"
"75","Node10/96:MER11D(158,1)","Node10/96","T_2558","264 32",264,32,0.0324887648,32,49,NA,NA,"MER11D","hg19","#BCD76F",0.6885328653,"kept","Node10","96","MER11D","158","158","11D|N10|158","instance"
"76","Node10/96:MER11D(158,1)","Node10/96","T_2518","256 26",256,26,0.0385597854,26,42,NA,NA,"MER11D","hg19","#BCD76F",0.6917940464,"kept","Node10","96","MER11D","158","158","11D|N10|158","instance"
"77","Node10/96:MER11D(158,1)","Node10/96","T_2430","256 147",256,147,0.0385000368,147,180,NA,NA,"MER11D","hg19","#BCD76F",0.6917342978,"kept","Node10","96","MER11D","158","158","11D|N10|158","instance"
"78","Node10/96:MER11D(158,1)","Node10/96","T_2431","256 131",256,131,0.036322069,131,164,NA,NA,"MER11D","hg19","#BCD76F",0.68955633,"kept","Node10","96","MER11D","158","158","11D|N10|158","instance"
"79","Node10/96:MER11D(158,1)","Node10/96","T_2521","256 153",256,153,0.0374472942,153,186,NA,NA,"MER11D","hg19","#BCD76F",0.6906815552,"kept","Node10","96","MER11D","158","158","11D|N10|158","instance"
"80","Node10/96:MER11D(158,1)","Node10/96","T_2492","256 129",256,129,0.0362688668,129,162,NA,NA,"MER11D","hg19","#BCD76F",0.6895031278,"kept","Node10","96","MER11D","158","158","11D|N10|158","instance"
"81","Node10/96:MER11D(158,1)","Node10/96","T_2493","275 95",275,95,0.0251250466,95,123,NA,NA,"MER11D","hg19","#BCD76F",0.694102793,"kept","Node10","96","MER11D","158","158","11D|N10|158","instance"
"82","Node10/96:MER11D(158,1)","Node10/96","T_2494","256 142",256,142,0.0495958992,142,175,NA,NA,"MER11D","hg19","#BCD76F",0.7028301602,"kept","Node10","96","MER11D","158","158","11D|N10|158","instance"
"83","Node10/96:MER11D(158,1)","Node10/96","T_2525","279 116",279,116,0.0326422738,116,148,NA,NA,"MER11D","hg19","#BCD76F",0.6947513684,"kept","Node10","96","MER11D","158","158","11D|N10|158","instance"
"84","Node10/96:MER11D(158,1)","Node10/96","T_2567","256 146",256,146,0.0404041712,146,179,NA,NA,"MER11D","hg19","#BCD76F",0.6936384322,"kept","Node10","96","MER11D","158","158","11D|N10|158","instance"
"85","Node10/96:MER11D(158,1)","Node10/96","T_2527","256 99",256,99,0.0474440204,99,127,NA,NA,"MER11D","hg19","#BCD76F",0.7006782814,"kept","Node10","96","MER11D","158","158","11D|N10|158","instance"
"86","Node10/96:MER11D(158,1)","Node10/96","T_2569","256 107",256,107,0.0391166383,107,136,NA,NA,"MER11D","hg19","#BCD76F",0.6923508993,"kept","Node10","96","MER11D","158","158","11D|N10|158","instance"
"87","Node10/96:MER11D(158,1)","Node10/96","T_2486","276 102",276,102,0.0302454152,102,131,NA,NA,"MER11D","hg19","#BCD76F",0.6937768084,"kept","Node10","96","MER11D","158","158","11D|N10|158","instance"
"88","Node10/96:MER11D(158,1)","Node10/96","T_2530","256 56",256,56,0.0350035452,56,76,NA,NA,"MER11D","hg19","#BCD76F",0.6882378062,"kept","Node10","96","MER11D","158","158","11D|N10|158","instance"
"89","Node10/96:MER11D(158,1)","Node10/96","T_2488","273 76",273,76,0.0142115835,76,102,NA,NA,"MER11D","hg19","#BCD76F",0.69428739,"kept","Node10","96","MER11D","158","158","11D|N10|158","instance"
"90","Node10/96:MER11D(158,1)","Node10/96","T_2489","256 151",256,151,0.0476962254,151,184,NA,NA,"MER11D","hg19","#BCD76F",0.7009304864,"kept","Node10","96","MER11D","158","158","11D|N10|158","instance"
"91","Node10/96:MER11D(158,1)","Node10/96","T_2615","256 62",256,62,0.0352573826,62,84,NA,NA,"MER11D","hg19","#BCD76F",0.6884916436,"kept","Node10","96","MER11D","158","158","11D|N10|158","instance"
"92","Node10/96:MER11D(158,1)","Node10/96","T_2491","256 7",256,7,0.0345658978,7,16,NA,NA,"MER11D","hg19","#BCD76F",0.6878001588,"kept","Node10","96","MER11D","158","158","11D|N10|158","instance"
"93","Node10/96:MER11D(158,1)","Node10/96","T_2590","267 53",267,53,0.0306665445,53,73,NA,NA,"MER11D","hg19","#BCD76F",0.6969032716,"kept","Node10","96","MER11D","158","158","11D|N10|158","instance"
"94","Node10/96:MER11D(158,1)","Node10/96","T_2591","256 50",256,50,0.0313852547,50,69,NA,NA,"MER11D","hg19","#BCD76F",0.6846195157,"kept","Node10","96","MER11D","158","158","11D|N10|158","instance"
"95","Node10/96:MER11D(158,1)","Node10/96","T_2564","256 45",256,45,0.0418193069,45,64,NA,NA,"MER11D","hg19","#BCD76F",0.6950535679,"kept","Node10","96","MER11D","158","158","11D|N10|158","instance"
"96","Node10/96:MER11D(158,1)","Node10/96","T_2539","256 114",256,114,0.0431565227,114,145,NA,NA,"MER11D","hg19","#BCD76F",0.6963907837,"kept","Node10","96","MER11D","158","158","11D|N10|158","instance"
"97","Node10/96:MER11D(158,1)","Node10/96","T_2540","256 130",256,130,0.034682303,130,163,NA,NA,"MER11D","hg19","#BCD76F",0.687916564,"kept","Node10","96","MER11D","158","158","11D|N10|158","instance"
"98","Node10/96:MER11D(158,1)","Node10/96","T_2541","256 49",256,49,0.0260557694,49,68,NA,NA,"MER11D","hg19","#BCD76F",0.6792900304,"kept","Node10","96","MER11D","158","158","11D|N10|158","instance"
"99","Node10/96:MER11D(158,1)","Node10/96","T_2542","256 73",256,73,0.0387789677,73,98,NA,NA,"MER11D","hg19","#BCD76F",0.6920132287,"kept","Node10","96","MER11D","158","158","11D|N10|158","instance"
"100","Node10/96:MER11D(158,1)","Node10/96","T_2500","256 86",256,86,0.0459538573,86,113,NA,NA,"MER11D","hg19","#BCD76F",0.6991881183,"kept","Node10","96","MER11D","158","158","11D|N10|158","instance"
"101","Node10/96:MER11D(158,1)","Node10/96","T_2544","256 105",256,105,0.0403749576,105,134,NA,NA,"MER11D","hg19","#BCD76F",0.6936092186,"kept","Node10","96","MER11D","158","158","11D|N10|158","instance"
"102","Node10/96:MER11D(158,1)","Node10/96","T_2545","256 121",256,121,0.0489512511,121,154,NA,NA,"MER11D","hg19","#BCD76F",0.7021855121,"kept","Node10","96","MER11D","158","158","11D|N10|158","instance"
"103","Node10/96:MER11D(158,1)","Node10/96","T_2503","256 46",256,46,0.048476776,46,65,NA,NA,"MER11D","hg19","#BCD76F",0.701711037,"kept","Node10","96","MER11D","158","158","11D|N10|158","instance"
"104","Node10/96:MER11D(158,1)","Node10/96","T_2415","256 22",256,22,0.0495109936,22,37,NA,NA,"MER11D","hg19","#BCD76F",0.7027452546,"kept","Node10","96","MER11D","158","158","11D|N10|158","instance"
"105","Node10/96:MER11D(158,1)","Node10/96","T_2520","277 111",277,111,0.0350679361,111,141,NA,NA,"MER11D","hg19","#BCD76F",0.6994542665,"kept","Node10","96","MER11D","158","158","11D|N10|158","instance"
"106","Node10/96:MER11D(158,1)","Node10/96","T_2562","256 158",256,158,0.0450697424,158,191,NA,NA,"MER11D","hg19","#BCD76F",0.6983040034,"kept","Node10","96","MER11D","158","158","11D|N10|158","instance"
"107","Node10/96:MER11D(158,1)","Node10/96","T_2563","256 44",256,44,0.0511464688,44,63,NA,NA,"MER11D","hg19","#BCD76F",0.7043807298,"kept","Node10","96","MER11D","158","158","11D|N10|158","instance"
"108","Node10/96:MER11D(158,1)","Node10/96","T_2634","280 120",280,120,0.0095870281,120,153,NA,NA,"MER11D","hg19","#BCD76F",0.6907839678,"kept","Node10","96","MER11D","158","158","11D|N10|158","instance"
"109","Node10/96:MER11D(158,1)","Node10/96","T_2537","263 25",263,25,0.0366981293,25,41,NA,NA,"MER11D","hg19","#BCD76F",0.7155321219,"kept","Node10","96","MER11D","158","158","11D|N10|158","instance"
"110","Node10/96:MER11D(158,1)","Node10/96","T_2566","256 55",256,55,0.0470100515,55,75,NA,NA,"MER11D","hg19","#BCD76F",0.7002443125,"kept","Node10","96","MER11D","158","158","11D|N10|158","instance"
"111","Node10/96:MER11D(158,1)","Node10/96","T_2554","256 126",256,126,0.0267230194,126,159,NA,NA,"MER11D","hg19","#BCD76F",0.6799572804,"kept","Node10","96","MER11D","158","158","11D|N10|158","instance"
"112","Node10/96:MER11D(158,1)","Node10/96","T_2568","256 34",256,34,0.0480055682,34,51,NA,NA,"MER11D","hg19","#BCD76F",0.7012398292,"kept","Node10","96","MER11D","158","158","11D|N10|158","instance"
"113","Node10/96:MER11D(158,1)","Node10/96","T_2597","256 135",256,135,0.0294287948,135,168,NA,NA,"MER11D","hg19","#BCD76F",0.6826630558,"kept","Node10","96","MER11D","158","158","11D|N10|158","instance"
"114","Node10/96:MER11D(158,1)","Node10/96","T_2598","266 41",266,41,0.0307001111,41,60,NA,NA,"MER11D","hg19","#BCD76F",0.6909137097,"kept","Node10","96","MER11D","158","158","11D|N10|158","instance"
"115","Node10/96:MER11D(158,1)","Node10/96","T_2571","256 64",256,64,0.0296749441,64,86,NA,NA,"MER11D","hg19","#BCD76F",0.6829092051,"kept","Node10","96","MER11D","158","158","11D|N10|158","instance"
"116","Node10/96:MER11D(158,1)","Node10/96","T_2559","256 139",256,139,0.0369388745,139,172,NA,NA,"MER11D","hg19","#BCD76F",0.6901731355,"kept","Node10","96","MER11D","158","158","11D|N10|158","instance"
"117","Node10/96:MER11D(158,1)","Node10/96","T_2474","268 59",268,59,0.0316981164,59,81,NA,NA,"MER11D","hg19","#BCD76F",0.7032273272,"kept","Node10","96","MER11D","158","158","11D|N10|158","instance"
"118","Node10/96:MER11D(158,1)","Node10/96","T_2505","256 160",256,160,0.0585901424,160,193,NA,NA,"MER11D","hg19","#BCD76F",0.7118244034,"kept","Node10","96","MER11D","158","158","11D|N10|158","instance"
"119","Node10/96:MER11D(158,1)","Node10/96","T_2534","256 38",256,38,0.0338889203,38,55,NA,NA,"MER11D","hg19","#BCD76F",0.6871231813,"kept","Node10","96","MER11D","158","158","11D|N10|158","instance"
"120","Node10/96:MER11D(158,1)","Node10/96","T_2633","269 58",269,58,2.5259e-06,58,80,NA,NA,"MER11D","hg19","#BCD76F",0.7125092049,"kept","Node10","96","MER11D","158","158","11D|N10|158","instance"
"121","Node10/96:MER11D(158,1)","Node10/96","T_2604","256 140",256,140,0.0306143337,140,173,NA,NA,"MER11D","hg19","#BCD76F",0.6838485947,"kept","Node10","96","MER11D","158","158","11D|N10|158","instance"
"122","Node10/96:MER11D(158,1)","Node10/96","T_2605","262 20",262,20,0.0010196854,20,35,NA,NA,"MER11D","hg19","#BCD76F",0.6877959319,"kept","Node10","96","MER11D","158","158","11D|N10|158","instance"
"123","Node10/96:MER11D(158,1)","Node10/96","T_2579","256 149",256,149,0.0473347811,149,182,NA,NA,"MER11D","hg19","#BCD76F",0.7005690421,"kept","Node10","96","MER11D","158","158","11D|N10|158","instance"
"124","Node10/96:MER11D(158,1)","Node10/96","T_2580","272 70",272,70,0.0182232438,70,95,NA,NA,"MER11D","hg19","#BCD76F",0.6902826174,"kept","Node10","96","MER11D","158","158","11D|N10|158","instance"
"125","Node10/96:MER11D(158,1)","Node10/96","T_2581","272 71",272,71,0.0278729752,71,96,NA,NA,"MER11D","hg19","#BCD76F",0.6999323488,"kept","Node10","96","MER11D","158","158","11D|N10|158","instance"
"126","Node10/96:MER11D(158,1)","Node10/96","T_2610","256 8",256,8,0.0326562606,8,17,NA,NA,"MER11D","hg19","#BCD76F",0.6858905216,"kept","Node10","96","MER11D","158","158","11D|N10|158","instance"
"127","Node10/96:MER11D(158,1)","Node10/96","T_2529","256 78",256,78,0.0366347745,78,104,NA,NA,"MER11D","hg19","#BCD76F",0.6898690355,"kept","Node10","96","MER11D","158","158","11D|N10|158","instance"
"128","Node10/96:MER11D(158,1)","Node10/96","T_2585","256 47",256,47,0.0339610756,47,66,NA,NA,"MER11D","hg19","#BCD76F",0.6871953366,"kept","Node10","96","MER11D","158","158","11D|N10|158","instance"
"129","Node10/96:MER11D(158,1)","Node10/96","T_2531","256 88",256,88,0.0439051703,88,115,NA,NA,"MER11D","hg19","#BCD76F",0.6971394313,"kept","Node10","96","MER11D","158","158","11D|N10|158","instance"
"130","Node10/96:MER11D(158,1)","Node10/96","T_2532","256 30",256,30,0.0410196808,30,46,NA,NA,"MER11D","hg19","#BCD76F",0.6942539418,"kept","Node10","96","MER11D","158","158","11D|N10|158","instance"
"131","Node10/96:MER11D(158,1)","Node10/96","T_2601","271 68",271,68,0.0254731513,68,92,NA,NA,"MER11D","hg19","#BCD76F",0.6944177709,"kept","Node10","96","MER11D","158","158","11D|N10|158","instance"
"132","Node10/96:MER11D(158,1)","Node10/96","T_2602","256 51",256,51,0.042329712,51,70,NA,NA,"MER11D","hg19","#BCD76F",0.695563973,"kept","Node10","96","MER11D","158","158","11D|N10|158","instance"
"133","Node10/96:MER11D(158,1)","Node10/96","T_2603","266 42",266,42,0.0212713088,42,61,NA,NA,"MER11D","hg19","#BCD76F",0.6814849074,"kept","Node10","96","MER11D","158","158","11D|N10|158","instance"
"134","Node10/96:MER11D(158,1)","Node10/96","T_2595","256 35",256,35,0.058873321,35,52,NA,NA,"MER11D","hg19","#BCD76F",0.712107582,"kept","Node10","96","MER11D","158","158","11D|N10|158","instance"
"135","Node10/96:MER11D(158,1)","Node10/96","T_2582","256 27",256,27,0.0349572218,27,43,NA,NA,"MER11D","hg19","#BCD76F",0.6881914828,"kept","Node10","96","MER11D","158","158","11D|N10|158","instance"
"136","Node10/96:MER11D(158,1)","Node10/96","T_2578","256 83",256,83,0.0379659226,83,110,NA,NA,"MER11D","hg19","#BCD76F",0.6912001836,"kept","Node10","96","MER11D","158","158","11D|N10|158","instance"
"137","Node10/96:MER11D(158,1)","Node10/96","T_2607","262 21",262,21,2.5259e-06,21,36,NA,NA,"MER11D","hg19","#BCD76F",0.6867787724,"kept","Node10","96","MER11D","158","158","11D|N10|158","instance"
"138","Node10/96:MER11D(158,1)","Node10/96","T_2586","256 141",256,141,0.0269285337,141,174,NA,NA,"MER11D","hg19","#BCD76F",0.6801627947,"kept","Node10","96","MER11D","158","158","11D|N10|158","instance"
"139","Node10/96:MER11D(158,1)","Node10/96","T_2546","270 65",270,65,0.0270665437,65,88,NA,NA,"MER11D","hg19","#BCD76F",0.6897432889,"kept","Node10","96","MER11D","158","158","11D|N10|158","instance"
"140","Node10/96:MER11D(158,1)","Node10/96","T_2543","256 148",256,148,0.0448601109,148,181,NA,NA,"MER11D","hg19","#BCD76F",0.6980943719,"kept","Node10","96","MER11D","158","158","11D|N10|158","instance"
"141","Node10/96:MER11D(158,1)","Node10/96","T_2570","256 52",256,52,0.0367690534,52,71,NA,NA,"MER11D","hg19","#BCD76F",0.6900033144,"kept","Node10","96","MER11D","158","158","11D|N10|158","instance"
"142","Node10/96:MER11D(158,1)","Node10/96","T_2618","275 94",275,94,0.0206610695,94,122,NA,NA,"MER11D","hg19","#BCD76F",0.6896388159,"kept","Node10","96","MER11D","158","158","11D|N10|158","instance"
"143","Node10/96:MER11D(158,1)","Node10/96","T_2612","256 82",256,82,0.0819560339,82,109,NA,NA,"MER11D","hg19","#BCD76F",0.7351902949,"kept","Node10","96","MER11D","158","158","11D|N10|158","instance"
"144","Node10/96:MER11D(158,1)","Node10/96","T_2587","256 106",256,106,0.0387643261,106,135,NA,NA,"MER11D","hg19","#BCD76F",0.6919985871,"kept","Node10","96","MER11D","158","158","11D|N10|158","instance"
"145","Node10/96:MER11D(158,1)","Node10/96","T_2588","256 39",256,39,0.0313158355,39,56,NA,NA,"MER11D","hg19","#BCD76F",0.6845500965,"kept","Node10","96","MER11D","158","158","11D|N10|158","instance"
"146","Node10/96:MER11D(158,1)","Node10/96","T_2623","256 145",256,145,0.0323941831,145,178,NA,NA,"MER11D","hg19","#BCD76F",0.6856284441,"kept","Node10","96","MER11D","158","158","11D|N10|158","instance"
"147","Node10/96:MER11D(158,1)","Node10/96","T_2631","263 24",263,24,0.0385054656,24,40,NA,NA,"MER11D","hg19","#BCD76F",0.7173394582,"kept","Node10","96","MER11D","158","158","11D|N10|158","instance"
"148","Node10/96:MER11D(158,1)","Node10/96","T_2609","256 134",256,134,0.0277928528,134,167,NA,NA,"MER11D","hg19","#BCD76F",0.6810271138,"kept","Node10","96","MER11D","158","158","11D|N10|158","instance"
"149","Node10/96:MER11D(158,1)","Node10/96","T_2626","256 128",256,128,0.0291557118,128,161,NA,NA,"MER11D","hg19","#BCD76F",0.6823899728,"kept","Node10","96","MER11D","158","158","11D|N10|158","instance"
"150","Node10/96:MER11D(158,1)","Node10/96","T_2583","275 92",275,92,0.0138297857,92,120,NA,NA,"MER11D","hg19","#BCD76F",0.6828075321,"kept","Node10","96","MER11D","158","158","11D|N10|158","instance"
"151","Node10/96:MER11D(158,1)","Node10/96","T_2621","275 93",275,93,0.027337163,93,121,NA,NA,"MER11D","hg19","#BCD76F",0.6963149094,"kept","Node10","96","MER11D","158","158","11D|N10|158","instance"
"152","Node10/96:MER11D(158,1)","Node10/96","T_2600","271 67",271,67,0.0252977299,67,91,NA,NA,"MER11D","hg19","#BCD76F",0.6942423495,"kept","Node10","96","MER11D","158","158","11D|N10|158","instance"
"153","Node10/96:MER11D(158,1)","Node10/96","T_2625","270 66",270,66,0.0209312043,66,89,NA,NA,"MER11D","hg19","#BCD76F",0.6836079495,"kept","Node10","96","MER11D","158","158","11D|N10|158","instance"
"154","Node10/96:MER11D(158,1)","Node10/96","T_2630","277 110",277,110,0.052144864,110,140,NA,NA,"MER11D","hg19","#BCD76F",0.7165311944,"kept","Node10","96","MER11D","158","158","11D|N10|158","instance"
"155","Node10/96:MER11D(158,1)","Node10/96","T_2611","275 90",275,90,0.0419777305,90,118,NA,NA,"MER11D","hg19","#BCD76F",0.7109554769,"kept","Node10","96","MER11D","158","158","11D|N10|158","instance"
"156","Node10/96:MER11D(158,1)","Node10/96","T_2572","256 103",256,103,0.0384842703,103,132,NA,NA,"MER11D","hg19","#BCD76F",0.6917185313,"kept","Node10","96","MER11D","158","158","11D|N10|158","instance"
"157","Node10/96:MER11D(158,1)","Node10/96","T_2629","256 84",256,84,0.053959168,84,111,NA,NA,"MER11D","hg19","#BCD76F",0.707193429,"kept","Node10","96","MER11D","158","158","11D|N10|158","instance"
"158","Node10/96:MER11D(158,1)","Node10/96","T_2627","280 119",280,119,0.0031295011,119,152,NA,NA,"MER11D","hg19","#BCD76F",0.6843264408,"kept","Node10","96","MER11D","158","158","11D|N10|158","instance"
"159","Node8/99:MER11D(24,1)","Node8/99","T_2380","254 224",254,224,0.0453026567,224,278,NA,NA,"MER11D","hg19","#CC9CB8",1.0147554828,"kept","Node8","99","MER11D","24","24","11D|N8|24","instance"
"160","Node8/99:MER11D(24,1)","Node8/99","T_2468","301 220",301,220,0.0346673906,220,274,NA,NA,"MER11D","hg19","#CC9CB8",1.0216488874,"kept","Node8","99","MER11D","24","24","11D|N8|24","instance"
"161","Node8/99:MER11D(24,1)","Node8/99","T_2485","254 226",254,226,0.048731038,226,280,NA,NA,"MER11D","hg19","#CC9CB8",1.0181838641,"kept","Node8","99","MER11D","24","24","11D|N8|24","instance"
"162","Node8/99:MER11D(24,1)","Node8/99","T_2444","254 230",254,230,0.043495425,230,284,NA,NA,"MER11D","hg19","#CC9CB8",1.0129482511,"kept","Node8","99","MER11D","24","24","11D|N8|24","instance"
"163","Node8/99:MER11D(24,1)","Node8/99","T_2476","299 215",299,215,0.0073309405,215,267,NA,NA,"MER11D","hg19","#CC9CB8",0.999480367,"kept","Node8","99","MER11D","24","24","11D|N8|24","instance"
"164","Node8/99:MER11D(24,1)","Node8/99","T_2420","254 229",254,229,0.0491733508,229,283,NA,NA,"MER11D","hg19","#CC9CB8",1.0186261769,"kept","Node8","99","MER11D","24","24","11D|N8|24","instance"
"165","Node8/99:MER11D(24,1)","Node8/99","T_2433","300 222",300,222,0.0368817345,222,276,NA,NA,"MER11D","hg19","#CC9CB8",1.0161959919,"kept","Node8","99","MER11D","24","24","11D|N8|24","instance"
"166","Node8/99:MER11D(24,1)","Node8/99","T_2462","298 213",298,213,0.0166792694,213,264,NA,NA,"MER11D","hg19","#CC9CB8",1.0063612182,"kept","Node8","99","MER11D","24","24","11D|N8|24","instance"
"167","Node8/99:MER11D(24,1)","Node8/99","T_2435","254 228",254,228,0.040402742,228,282,NA,NA,"MER11D","hg19","#CC9CB8",1.0098555681,"kept","Node8","99","MER11D","24","24","11D|N8|24","instance"
"168","Node8/99:MER11D(24,1)","Node8/99","T_2465","254 216",254,216,0.0544206221,216,268,NA,NA,"MER11D","hg19","#CC9CB8",1.0238734482,"kept","Node8","99","MER11D","24","24","11D|N8|24","instance"
"169","Node8/99:MER11D(24,1)","Node8/99","T_2483","254 233",254,233,0.0437604522,233,288,NA,NA,"MER11D","hg19","#CC9CB8",1.0132132783,"kept","Node8","99","MER11D","24","24","11D|N8|24","instance"
"170","Node8/99:MER11D(24,1)","Node8/99","T_2467","299 214",299,214,0.0489928944,214,266,NA,NA,"MER11D","hg19","#CC9CB8",1.0411423209,"kept","Node8","99","MER11D","24","24","11D|N8|24","instance"
"171","Node8/99:MER11D(24,1)","Node8/99","T_2528","301 221",301,221,0.0136852714,221,275,NA,NA,"MER11D","hg19","#CC9CB8",1.0006667682,"kept","Node8","99","MER11D","24","24","11D|N8|24","instance"
"172","Node8/99:MER11D(24,1)","Node8/99","T_2470","254 217",254,217,0.0497074132,217,269,NA,NA,"MER11D","hg19","#CC9CB8",1.0191602393,"kept","Node8","99","MER11D","24","24","11D|N8|24","instance"
"173","Node8/99:MER11D(24,1)","Node8/99","T_2628","254 227",254,227,0.0944612254,227,281,NA,NA,"MER11D","hg19","#CC9CB8",1.0639140515,"kept","Node8","99","MER11D","24","24","11D|N8|24","instance"
"174","Node8/99:MER11D(24,1)","Node8/99","T_2473","254 218",254,218,0.0388460303,218,270,NA,NA,"MER11D","hg19","#CC9CB8",1.0082988564,"kept","Node8","99","MER11D","24","24","11D|N8|24","instance"
"175","Node8/99:MER11D(24,1)","Node8/99","T_2443","254 235",254,235,0.0444063862,235,290,NA,NA,"MER11D","hg19","#CC9CB8",1.0138592123,"kept","Node8","99","MER11D","24","24","11D|N8|24","instance"
"176","Node8/99:MER11D(24,1)","Node8/99","T_2533","254 219",254,219,0.0571318007,219,271,NA,NA,"MER11D","hg19","#CC9CB8",1.0265846268,"kept","Node8","99","MER11D","24","24","11D|N8|24","instance"
"177","Node8/99:MER11D(24,1)","Node8/99","T_2417","254 223",254,223,0.0439931728,223,277,NA,NA,"MER11D","hg19","#CC9CB8",1.0134459989,"kept","Node8","99","MER11D","24","24","11D|N8|24","instance"
"178","Node8/99:MER11D(24,1)","Node8/99","T_2459","298 212",298,212,0.0164056453,212,263,NA,NA,"MER11D","hg19","#CC9CB8",1.0060875941,"kept","Node8","99","MER11D","24","24","11D|N8|24","instance"
"179","Node8/99:MER11D(24,1)","Node8/99","T_2550","254 234",254,234,0.0415057419,234,289,NA,NA,"MER11D","hg19","#CC9CB8",1.010958568,"kept","Node8","99","MER11D","24","24","11D|N8|24","instance"
"180","Node8/99:MER11D(24,1)","Node8/99","T_2635","302 232",302,232,0.0711356425,232,287,NA,NA,"MER11D","hg19","#CC9CB8",1.0602365131,"kept","Node8","99","MER11D","24","24","11D|N8|24","instance"
"181","Node8/99:MER11D(24,1)","Node8/99","T_2636","302 231",302,231,0.043830216,231,286,NA,NA,"MER11D","hg19","#CC9CB8",1.0329310866,"kept","Node8","99","MER11D","24","24","11D|N8|24","instance"
"182","Node8/99:MER11D(24,1)","Node8/99","T_2512","254 225",254,225,0.0427232317,225,279,NA,NA,"MER11D","hg19","#CC9CB8",1.0121760578,"kept","Node8","99","MER11D","24","24","11D|N8|24","instance"
"183","Node9/96:MER11D(48,1)","Node9/96","T_2421","290 182",290,182,0.033014397,182,225,NA,NA,"MER11D","hg19","#9CD7C8",1.0541113156,"kept","Node9","96","MER11D","48","48","11D|N9|48","instance"
"184","Node9/96:MER11D(48,1)","Node9/96","T_2592","286 175",286,175,0.0496224133,175,214,NA,NA,"MER11D","hg19","#9CD7C8",1.0730621155,"kept","Node9","96","MER11D","48","48","11D|N9|48","instance"
"185","Node9/96:MER11D(48,1)","Node9/96","T_2393","293 196",293,196,0.0189158736,196,242,NA,NA,"MER11D","hg19","#9CD7C8",1.0561085003,"kept","Node9","96","MER11D","48","48","11D|N9|48","instance"
"186","Node9/96:MER11D(48,1)","Node9/96","T_2379","255 164",255,164,0.0513546364,164,199,NA,NA,"MER11D","hg19","#9CD7C8",1.0654519012,"kept","Node9","96","MER11D","48","48","11D|N9|48","instance"
"187","Node9/96:MER11D(48,1)","Node9/96","T_2424","255 176",255,176,0.054860866,176,215,NA,NA,"MER11D","hg19","#9CD7C8",1.0689581308,"kept","Node9","96","MER11D","48","48","11D|N9|48","instance"
"188","Node9/96:MER11D(48,1)","Node9/96","T_2536","297 206",297,206,0.024248716,206,256,NA,NA,"MER11D","hg19","#9CD7C8",1.0543309779,"kept","Node9","96","MER11D","48","48","11D|N9|48","instance"
"189","Node9/96:MER11D(48,1)","Node9/96","T_2553","255 208",255,208,0.0304638707,208,258,NA,NA,"MER11D","hg19","#9CD7C8",1.0445611355,"kept","Node9","96","MER11D","48","48","11D|N9|48","instance"
"190","Node9/96:MER11D(48,1)","Node9/96","T_2463","291 188",291,188,0.0039875201,188,232,NA,NA,"MER11D","hg19","#9CD7C8",1.0322307292,"kept","Node9","96","MER11D","48","48","11D|N9|48","instance"
"191","Node9/96:MER11D(48,1)","Node9/96","T_2386","286 174",286,174,0.0391963941,174,213,NA,NA,"MER11D","hg19","#9CD7C8",1.0626360963,"kept","Node9","96","MER11D","48","48","11D|N9|48","instance"
"192","Node9/96:MER11D(48,1)","Node9/96","T_2608","255 185",255,185,0.0334961428,185,228,NA,NA,"MER11D","hg19","#9CD7C8",1.0475934076,"kept","Node9","96","MER11D","48","48","11D|N9|48","instance"
"193","Node9/96:MER11D(48,1)","Node9/96","T_2416","296 207",296,207,0.0292148943,207,257,NA,NA,"MER11D","hg19","#9CD7C8",1.0490450496,"kept","Node9","96","MER11D","48","48","11D|N9|48","instance"
"194","Node9/96:MER11D(48,1)","Node9/96","T_2556","294 199",294,199,0.0186260741,199,246,NA,NA,"MER11D","hg19","#9CD7C8",1.0409365232,"kept","Node9","96","MER11D","48","48","11D|N9|48","instance"
"195","Node9/96:MER11D(48,1)","Node9/96","T_2509","292 195",292,195,0.0359160599,195,240,NA,NA,"MER11D","hg19","#9CD7C8",1.0585760857,"kept","Node9","96","MER11D","48","48","11D|N9|48","instance"
"196","Node9/96:MER11D(48,1)","Node9/96","T_2551","255 177",255,177,0.0461350351,177,216,NA,NA,"MER11D","hg19","#9CD7C8",1.0602322999,"kept","Node9","96","MER11D","48","48","11D|N9|48","instance"
"197","Node9/96:MER11D(48,1)","Node9/96","T_2577","289 184",289,184,0.0367475127,184,227,NA,NA,"MER11D","hg19","#9CD7C8",1.0559753974,"kept","Node9","96","MER11D","48","48","11D|N9|48","instance"
"198","Node9/96:MER11D(48,1)","Node9/96","T_2574","283 165",283,165,0.0300575422,165,201,NA,NA,"MER11D","hg19","#9CD7C8",1.0546862696,"kept","Node9","96","MER11D","48","48","11D|N9|48","instance"
"199","Node9/96:MER11D(48,1)","Node9/96","T_2481","295 202",295,202,0.0127306578,202,250,NA,NA,"MER11D","hg19","#9CD7C8",1.0506387881,"kept","Node9","96","MER11D","48","48","11D|N9|48","instance"
"200","Node9/96:MER11D(48,1)","Node9/96","T_2395","287 180",287,180,0.0346801522,180,221,NA,NA,"MER11D","hg19","#9CD7C8",1.055700561,"kept","Node9","96","MER11D","48","48","11D|N9|48","instance"
"201","Node9/96:MER11D(48,1)","Node9/96","T_2576","288 178",288,178,0.042073127,178,219,NA,NA,"MER11D","hg19","#9CD7C8",1.0639045489,"kept","Node9","96","MER11D","48","48","11D|N9|48","instance"
"202","Node9/96:MER11D(48,1)","Node9/96","T_2460","255 190",255,190,0.0260916235,190,234,NA,NA,"MER11D","hg19","#9CD7C8",1.0401888883,"kept","Node9","96","MER11D","48","48","11D|N9|48","instance"
"203","Node9/96:MER11D(48,1)","Node9/96","T_2438","255 181",255,181,0.040699965,181,222,NA,NA,"MER11D","hg19","#9CD7C8",1.0547972298,"kept","Node9","96","MER11D","48","48","11D|N9|48","instance"
"204","Node9/96:MER11D(48,1)","Node9/96","T_2557","255 203",255,203,0.0475759522,203,251,NA,NA,"MER11D","hg19","#9CD7C8",1.061673217,"kept","Node9","96","MER11D","48","48","11D|N9|48","instance"
"205","Node9/96:MER11D(48,1)","Node9/96","T_2496","284 167",284,167,0.031495979,167,204,NA,NA,"MER11D","hg19","#9CD7C8",1.0625794739,"kept","Node9","96","MER11D","48","48","11D|N9|48","instance"
"206","Node9/96:MER11D(48,1)","Node9/96","T_2555","294 198",294,198,0.0453055439,198,245,NA,NA,"MER11D","hg19","#9CD7C8",1.067615993,"kept","Node9","96","MER11D","48","48","11D|N9|48","instance"
"207","Node9/96:MER11D(48,1)","Node9/96","T_2573","284 168",284,168,0.0318151042,168,205,NA,NA,"MER11D","hg19","#9CD7C8",1.0628985991,"kept","Node9","96","MER11D","48","48","11D|N9|48","instance"
"208","Node9/96:MER11D(48,1)","Node9/96","T_2458","255 170",255,170,0.0233936228,170,207,NA,NA,"MER11D","hg19","#9CD7C8",1.0374908876,"kept","Node9","96","MER11D","48","48","11D|N9|48","instance"
"209","Node9/96:MER11D(48,1)","Node9/96","T_2535","297 205",297,205,0.0496935431,205,255,NA,NA,"MER11D","hg19","#9CD7C8",1.079775805,"kept","Node9","96","MER11D","48","48","11D|N9|48","instance"
"210","Node9/96:MER11D(48,1)","Node9/96","T_2477","291 189",291,189,0.0272704191,189,233,NA,NA,"MER11D","hg19","#9CD7C8",1.0555136282,"kept","Node9","96","MER11D","48","48","11D|N9|48","instance"
"211","Node9/96:MER11D(48,1)","Node9/96","T_2619","255 191",255,191,0.0322966385,191,235,NA,NA,"MER11D","hg19","#9CD7C8",1.0463939033,"kept","Node9","96","MER11D","48","48","11D|N9|48","instance"
"212","Node9/96:MER11D(48,1)","Node9/96","T_2480","295 201",295,201,0.02663241,201,249,NA,NA,"MER11D","hg19","#9CD7C8",1.0645405403,"kept","Node9","96","MER11D","48","48","11D|N9|48","instance"
"213","Node9/96:MER11D(48,1)","Node9/96","T_2552","283 166",283,166,0.0373618322,166,202,NA,NA,"MER11D","hg19","#9CD7C8",1.0619905596,"kept","Node9","96","MER11D","48","48","11D|N9|48","instance"
"214","Node9/96:MER11D(48,1)","Node9/96","T_2394","293 197",293,197,0.0280280014,197,243,NA,NA,"MER11D","hg19","#9CD7C8",1.0652206281,"kept","Node9","96","MER11D","48","48","11D|N9|48","instance"
"215","Node9/96:MER11D(48,1)","Node9/96","T_2513","255 211",255,211,0.056682438,211,261,NA,NA,"MER11D","hg19","#9CD7C8",1.0707797028,"kept","Node9","96","MER11D","48","48","11D|N9|48","instance"
"216","Node9/96:MER11D(48,1)","Node9/96","T_2409","285 171",285,171,0.0425296323,171,209,NA,NA,"MER11D","hg19","#9CD7C8",1.0725948617,"kept","Node9","96","MER11D","48","48","11D|N9|48","instance"
"217","Node9/96:MER11D(48,1)","Node9/96","T_2410","285 172",285,172,0.0603573275,172,210,NA,NA,"MER11D","hg19","#9CD7C8",1.0904225569,"kept","Node9","96","MER11D","48","48","11D|N9|48","instance"
"218","Node9/96:MER11D(48,1)","Node9/96","T_2517","292 193",292,193,0.031915993,193,238,NA,NA,"MER11D","hg19","#9CD7C8",1.0545760188,"kept","Node9","96","MER11D","48","48","11D|N9|48","instance"
"219","Node9/96:MER11D(48,1)","Node9/96","T_2599","255 200",255,200,0.041974313,200,247,NA,NA,"MER11D","hg19","#9CD7C8",1.0560715778,"kept","Node9","96","MER11D","48","48","11D|N9|48","instance"
"220","Node9/96:MER11D(48,1)","Node9/96","T_2442","255 209",255,209,0.036121428,209,259,NA,NA,"MER11D","hg19","#9CD7C8",1.0502186928,"kept","Node9","96","MER11D","48","48","11D|N9|48","instance"
"221","Node9/96:MER11D(48,1)","Node9/96","T_2519","283 169",283,169,0.0396790286,169,206,NA,NA,"MER11D","hg19","#9CD7C8",1.064307756,"kept","Node9","96","MER11D","48","48","11D|N9|48","instance"
"222","Node9/96:MER11D(48,1)","Node9/96","T_2506","255 210",255,210,0.0489119214,210,260,NA,NA,"MER11D","hg19","#9CD7C8",1.0630091862,"kept","Node9","96","MER11D","48","48","11D|N9|48","instance"
"223","Node9/96:MER11D(48,1)","Node9/96","T_2575","290 183",290,183,0.021576208,183,226,NA,NA,"MER11D","hg19","#9CD7C8",1.0426731266,"kept","Node9","96","MER11D","48","48","11D|N9|48","instance"
"224","Node9/96:MER11D(48,1)","Node9/96","T_2624","255 204",255,204,0.051457985,204,252,NA,NA,"MER11D","hg19","#9CD7C8",1.0655552498,"kept","Node9","96","MER11D","48","48","11D|N9|48","instance"
"225","Node9/96:MER11D(48,1)","Node9/96","T_2620","288 179",288,179,0.0312325772,179,220,NA,NA,"MER11D","hg19","#9CD7C8",1.0530639991,"kept","Node9","96","MER11D","48","48","11D|N9|48","instance"
"226","Node9/96:MER11D(48,1)","Node9/96","T_2407","255 173",255,173,0.0324330097,173,211,NA,NA,"MER11D","hg19","#9CD7C8",1.0465302745,"kept","Node9","96","MER11D","48","48","11D|N9|48","instance"
"227","Node9/96:MER11D(48,1)","Node9/96","T_2441","292 194",292,194,0.0446470972,194,239,NA,NA,"MER11D","hg19","#9CD7C8",1.067307123,"kept","Node9","96","MER11D","48","48","11D|N9|48","instance"
"228","Node9/96:MER11D(48,1)","Node9/96","T_2413","255 186",255,186,0.0354929542,186,229,NA,NA,"MER11D","hg19","#9CD7C8",1.049590219,"kept","Node9","96","MER11D","48","48","11D|N9|48","instance"
"229","Node9/96:MER11D(48,1)","Node9/96","T_2501","255 192",255,192,0.0327356871,192,236,NA,NA,"MER11D","hg19","#9CD7C8",1.0468329519,"kept","Node9","96","MER11D","48","48","11D|N9|48","instance"
"230","Node9/96:MER11D(48,1)","Node9/96","T_2589","255 187",255,187,0.0529744067,187,230,NA,NA,"MER11D","hg19","#9CD7C8",1.0670716715,"kept","Node9","96","MER11D","48","48","11D|N9|48","instance"
"231","Ungrouped:MER11D(16,0.81)","Ungrouped","MER11A","248 2",248,2,0.0922304261,2,3,NA,NA,"MER11A","Ancient","black",0.0922304261,"kept","Ungrouped",NA,"MER11D","16","16","11D|U|16","consensus"
"232","Ungrouped:MER11D(16,0.81)","Ungrouped","MER11B","249 3",249,3,0.0028538114,3,5,NA,NA,"MER11B","Ancient","black",0.0028538114,"kept","Ungrouped",NA,"MER11D","16","16","11D|U|16","consensus"
"233","Ungrouped:MER11D(16,0.81)","Ungrouped","MER11C","249 4",249,4,0.0276222355,4,6,NA,NA,"MER11C","Ancient","black",0.0276222355,"kept","Ungrouped",NA,"MER11D","16","16","11D|U|16","consensus"
"234","Ungrouped:MER11D(16,0.81)","Ungrouped","T_2596","304 242",304,242,0.0461992902,242,302,NA,NA,"MER11D","hg19","black",0.0461992902,"kept","Ungrouped",NA,"MER11D","16","16","11D|U|16","instance"
"235","Ungrouped:MER11D(16,0.81)","Ungrouped","T_2560","250 5",250,5,0.1185818806,5,8,NA,NA,"MER11D","hg19","black",0.1185818806,"kept","Ungrouped",NA,"MER11D","16","16","11D|U|16","instance"
"236","Ungrouped:MER11D(16,0.81)","Ungrouped","T_2440","253 236",253,236,0.0547406354,236,291,NA,NA,"MER11D","hg19","black",0.0547406354,"kept","Ungrouped",NA,"MER11D","16","16","11D|U|16","instance"
"237","Ungrouped:MER11D(16,0.81)","Ungrouped","T_2403","303 243",303,243,0.0369439749,243,303,NA,NA,"MER11D","hg19","black",0.0369439749,"kept","Ungrouped",NA,"MER11D","16","16","11D|U|16","instance"
"238","Ungrouped:MER11D(16,0.81)","Ungrouped","T_2613","308 245",308,245,0.1001933191,245,306,NA,NA,"MER11D","hg19","black",0.1001933191,"kept","Ungrouped",NA,"MER11D","16","16","11D|U|16","instance"
"239","Ungrouped:MER11D(16,0.81)","Ungrouped","T_2561","247 1",247,1,0.1680830849,1,1,NA,NA,"MER11D","hg19","black",0.1680830849,"kept","Ungrouped",NA,"MER11D","16","16","11D|U|16","instance"
"240","Ungrouped:MER11D(16,0.81)","Ungrouped","T_2389","304 241",304,241,0.0392530276,241,301,NA,NA,"MER11D","hg19","black",0.0392530276,"kept","Ungrouped",NA,"MER11D","16","16","11D|U|16","instance"
"241","Ungrouped:MER11D(16,0.81)","Ungrouped","T_2453","306 240",306,240,0.0461316281,240,300,NA,NA,"MER11D","hg19","black",0.0461316281,"kept","Ungrouped",NA,"MER11D","16","16","11D|U|16","instance"
"242","Ungrouped:MER11D(16,0.81)","Ungrouped","T_2445","303 244",303,244,0.0371669471,244,304,NA,NA,"MER11D","hg19","black",0.0371669471,"kept","Ungrouped",NA,"MER11D","16","16","11D|U|16","instance"
"243","Ungrouped:MER11D(16,0.81)","Ungrouped","T_2614","308 246",308,246,0.0591082471,246,307,NA,NA,"MER11D","hg19","black",0.0591082471,"kept","Ungrouped",NA,"MER11D","16","16","11D|U|16","instance"
"244","Ungrouped:MER11D(16,0.81)","Ungrouped","T_2457","305 237",305,237,0.0259274384,237,295,NA,NA,"MER11D","hg19","black",0.0259274384,"kept","Ungrouped",NA,"MER11D","16","16","11D|U|16","instance"
"245","Ungrouped:MER11D(16,0.81)","Ungrouped","T_2548","307 239",307,239,0.02693439,239,299,NA,NA,"MER11D","hg19","black",0.02693439,"kept","Ungrouped",NA,"MER11D","16","16","11D|U|16","instance"
"246","Ungrouped:MER11D(16,0.81)","Ungrouped","T_2547","307 238",307,238,0.0405121381,238,298,NA,NA,"MER11D","hg19","black",0.0405121381,"kept","Ungrouped",NA,"MER11D","16","16","11D|U|16","instance"
